AgencyCd,SiteNo,Time,Original Parameter,Original Direction,Original Unit,Original Value,Accuracy Unit,Accuracy Value,Depth to Water Below Land Surface in ft.,Water level in feet relative to NAVD88,Comment,Observation Method,Data Provided by,
CODWR,1031,1993-04-13T00:00:00-06:00,,,ft,150.01,UNKNOWN,Unknown,150.01,4570.30,,UNKNOWN,USGS
CODWR,1031,1994-01-14T00:00:00-07:00,,,ft,150.10,UNKNOWN,Unknown,150.10,4570.21,,UNKNOWN,DWR (Manual)
CODWR,1031,1995-01-15T00:00:00-07:00,,,ft,149.80,UNKNOWN,Unknown,149.80,4570.51,,UNKNOWN,DWR (Manual)
CODWR,1031,1995-12-22T00:00:00-07:00,,,ft,150.12,UNKNOWN,Unknown,150.12,4570.19,,UNKNOWN,DWR (Manual)
CODWR,1031,1997-01-14T00:00:00-07:00,,,ft,149.65,UNKNOWN,Unknown,149.65,4570.66,,UNKNOWN,DWR (Manual)
CODWR,1031,1998-01-18T00:00:00-07:00,,,ft,150.03,UNKNOWN,Unknown,150.03,4570.28,,UNKNOWN,DWR (Manual)
CODWR,1031,1999-01-19T00:00:00-07:00,,,ft,149.60,UNKNOWN,Unknown,149.60,4570.71,,UNKNOWN,DWR (Manual)
CODWR,1031,2000-01-20T00:00:00-07:00,,,ft,149.32,UNKNOWN,Unknown,149.32,4570.99,,UNKNOWN,DWR (Manual)
CODWR,1031,2000-12-28T00:00:00-07:00,,,ft,149.43,UNKNOWN,Unknown,149.43,4570.88,,UNKNOWN,DWR (Manual)
CODWR,1031,2001-12-27T00:00:00-07:00,,,ft,149.15,UNKNOWN,Unknown,149.15,4571.16,,UNKNOWN,DWR (Manual)
CODWR,1031,2002-12-23T00:00:00-07:00,,,ft,149.47,UNKNOWN,Unknown,149.47,4570.84,,UNKNOWN,DWR (Manual)
CODWR,1031,2003-12-29T00:00:00-07:00,,,ft,149.15,UNKNOWN,Unknown,149.15,4571.16,,UNKNOWN,DWR (Manual)
CODWR,1031,2004-12-21T00:00:00-07:00,,,ft,149.10,UNKNOWN,Unknown,149.10,4571.21,,UNKNOWN,DWR (Manual)
CODWR,1031,2006-01-10T00:00:00-07:00,,,ft,149.35,UNKNOWN,Unknown,149.35,4570.96,,UNKNOWN,DWR (Manual)
CODWR,1031,2007-04-17T00:00:00-06:00,,,ft,150.75,UNKNOWN,Unknown,150.75,4569.56,,UNKNOWN,DWR (Manual)
CODWR,1031,2008-01-07T00:00:00-07:00,,,ft,150.85,UNKNOWN,Unknown,150.85,4569.46,,UNKNOWN,DWR (Manual)
CODWR,1031,2009-04-12T00:00:00-06:00,,,ft,151.29,UNKNOWN,Unknown,151.29,4569.02,,UNKNOWN,DWR (Manual)
CODWR,1031,2010-02-06T00:00:00-07:00,,,ft,150.30,UNKNOWN,Unknown,150.30,4570.01,,UNKNOWN,DWR (Manual)
CODWR,1031,2011-01-04T00:00:00-07:00,,,ft,150.00,UNKNOWN,Unknown,150.00,4570.31,,UNKNOWN,DWR (Manual)
CODWR,1031,2012-02-06T00:00:00-07:00,,,ft,148.40,UNKNOWN,Unknown,148.40,4571.91,,UNKNOWN,DWR (Manual)
CODWR,1031,2013-02-26T00:00:00-07:00,,,ft,150.90,UNKNOWN,Unknown,150.90,4569.41,,UNKNOWN,DWR (Manual)
CODWR,1031,2014-02-25T00:00:00-07:00,,,ft,151.50,UNKNOWN,Unknown,151.50,4568.81,,UNKNOWN,DWR (Manual)
CODWR,1031,2014-12-18T00:00:00-07:00,,,ft,152.20,UNKNOWN,Unknown,152.20,4568.11,,UNKNOWN,DWR (Manual)
CODWR,1031,2017-03-15T00:00:00-06:00,,,ft,147.00,UNKNOWN,Unknown,147.00,4573.31,,UNKNOWN,DWR (Manual)
CODWR,1031,2018-03-28T00:00:00-06:00,,,ft,145.90,UNKNOWN,Unknown,145.90,4574.41,,UNKNOWN,DWR (Manual)
CODWR,1031,2019-03-31T00:00:00-06:00,,,ft,146.80,UNKNOWN,Unknown,146.80,4573.51,,UNKNOWN,DWR (Manual)
CODWR,1031,2020-03-31T00:00:00-06:00,,,ft,145.80,UNKNOWN,Unknown,145.80,4574.51,,UNKNOWN,DWR (Manual)
CODWR,1031,2021-03-29T00:00:00-06:00,,,ft,147.20,UNKNOWN,Unknown,147.20,4573.11,,UNKNOWN,DWR (Manual)
CODWR,1031,2022-03-26T00:00:00-06:00,,,ft,148.00,UNKNOWN,Unknown,148.00,4572.31,,UNKNOWN,DWR (Manual)
CODWR,1027,1993-12-21T00:00:00-07:00,,,ft,135.32,UNKNOWN,Unknown,135.32,4075.9,,UNKNOWN,DWR (Manual)
CODWR,1027,1995-01-15T00:00:00-07:00,,,ft,135.20,UNKNOWN,Unknown,135.20,4076.0,,UNKNOWN,DWR (Manual)
CODWR,1027,1995-12-20T00:00:00-07:00,,,ft,135.94,UNKNOWN,Unknown,135.94,4075.3,,UNKNOWN,DWR (Manual)
CODWR,1027,1997-01-16T00:00:00-07:00,,,ft,137.08,UNKNOWN,Unknown,137.08,4074.1,,UNKNOWN,DWR (Manual)
CODWR,1027,1998-01-17T00:00:00-07:00,,,ft,138.24,UNKNOWN,Unknown,138.24,4073.0,,UNKNOWN,DWR (Manual)
CODWR,1027,1999-01-19T00:00:00-07:00,,,ft,137.34,UNKNOWN,Unknown,137.34,4073.9,,UNKNOWN,DWR (Manual)
CODWR,1027,2000-01-26T00:00:00-07:00,,,ft,139.02,UNKNOWN,Unknown,139.02,4072.2,,UNKNOWN,DWR (Manual)
CODWR,1027,2002-12-23T00:00:00-07:00,,,ft,138.50,UNKNOWN,Unknown,138.50,4072.7,,UNKNOWN,DWR (Manual)
CODWR,1027,2004-01-22T00:00:00-07:00,,,ft,137.10,UNKNOWN,Unknown,137.10,4074.1,,UNKNOWN,DWR (Manual)
CODWR,1027,2004-12-21T00:00:00-07:00,,,ft,139.99,UNKNOWN,Unknown,139.99,4071.2,,UNKNOWN,DWR (Manual)
CODWR,1027,2006-01-31T00:00:00-07:00,,,ft,140.23,UNKNOWN,Unknown,140.23,4071.0,,UNKNOWN,DWR (Manual)
CODWR,1027,2007-04-18T00:00:00-06:00,,,ft,141.34,UNKNOWN,Unknown,141.34,4069.9,,UNKNOWN,DWR (Manual)
CODWR,1027,2008-01-26T00:00:00-07:00,,,ft,144.80,UNKNOWN,Unknown,144.80,4066.4,,UNKNOWN,DWR (Manual)
CODWR,1027,2009-04-12T00:00:00-06:00,,,ft,144.20,UNKNOWN,Unknown,144.20,4067.0,,UNKNOWN,DWR (Manual)
CODWR,1027,2010-02-15T00:00:00-07:00,,,ft,141.20,UNKNOWN,Unknown,141.20,4070.0,,UNKNOWN,DWR (Manual)
CODWR,1027,2011-01-04T00:00:00-07:00,,,ft,140.50,UNKNOWN,Unknown,140.50,4070.7,,UNKNOWN,DWR (Manual)
CODWR,1027,2012-02-06T00:00:00-07:00,,,ft,138.40,UNKNOWN,Unknown,138.40,4072.8,,UNKNOWN,DWR (Manual)
CODWR,1027,2013-02-26T00:00:00-07:00,,,ft,141.20,UNKNOWN,Unknown,141.20,4070.0,,UNKNOWN,DWR (Manual)
CODWR,1027,2014-02-25T00:00:00-07:00,,,ft,142.40,UNKNOWN,Unknown,142.40,4068.8,,UNKNOWN,DWR (Manual)
CODWR,1027,2017-03-23T00:00:00-06:00,,,ft,130.50,UNKNOWN,Unknown,130.50,4080.7,,UNKNOWN,DWR (Manual)
CODWR,1027,2018-03-30T00:00:00-06:00,,,ft,140.90,UNKNOWN,Unknown,140.90,4070.3,,UNKNOWN,DWR (Manual)
CODWR,1027,2019-03-31T00:00:00-06:00,,,ft,140.90,UNKNOWN,Unknown,140.90,4070.3,,UNKNOWN,DWR (Manual)
CODWR,1027,2020-03-21T00:00:00-06:00,,,ft,140.90,UNKNOWN,Unknown,140.90,4070.3,,UNKNOWN,DWR (Manual)
CODWR,1027,2021-03-30T00:00:00-06:00,,,ft,140.50,UNKNOWN,Unknown,140.50,4070.7,,UNKNOWN,DWR (Manual)
CODWR,1027,2022-03-27T00:00:00-06:00,,,ft,139.50,UNKNOWN,Unknown,139.50,4071.7,,UNKNOWN,DWR (Manual)
CODWR,1004,1993-01-26T00:00:00-07:00,,,ft,219.96,UNKNOWN,Unknown,219.96,3725.60,,UNKNOWN,DWR (Manual)
CODWR,1004,1994-01-13T00:00:00-07:00,,,ft,220.88,UNKNOWN,Unknown,220.88,3724.68,,UNKNOWN,DWR (Manual)
CODWR,1004,1995-01-15T00:00:00-07:00,,,ft,222.48,UNKNOWN,Unknown,222.48,3723.08,,UNKNOWN,DWR (Manual)
CODWR,1004,1995-12-21T00:00:00-07:00,,,ft,223.90,UNKNOWN,Unknown,223.90,3721.66,,UNKNOWN,DWR (Manual)
CODWR,1004,1997-01-16T00:00:00-07:00,,,ft,225.02,UNKNOWN,Unknown,225.02,3720.54,,UNKNOWN,DWR (Manual)
CODWR,1004,1998-01-17T00:00:00-07:00,,,ft,226.45,UNKNOWN,Unknown,226.45,3719.11,,UNKNOWN,DWR (Manual)
CODWR,1004,1999-01-21T00:00:00-07:00,,,ft,227.70,UNKNOWN,Unknown,227.70,3717.86,,UNKNOWN,DWR (Manual)
CODWR,1004,2000-01-18T00:00:00-07:00,,,ft,229.45,UNKNOWN,Unknown,229.45,3716.11,,UNKNOWN,DWR (Manual)
CODWR,1004,2000-12-27T00:00:00-07:00,,,ft,232.96,UNKNOWN,Unknown,232.96,3712.60,,UNKNOWN,DWR (Manual)
CODWR,1004,2001-12-26T00:00:00-07:00,,,ft,234.72,UNKNOWN,Unknown,234.72,3710.84,,UNKNOWN,DWR (Manual)
CODWR,1004,2002-12-26T00:00:00-07:00,,,ft,238.54,UNKNOWN,Unknown,238.54,3707.02,,UNKNOWN,DWR (Manual)
CODWR,1004,2003-12-23T00:00:00-07:00,,,ft,240.23,UNKNOWN,Unknown,240.23,3705.33,,UNKNOWN,DWR (Manual)
CODWR,1004,2004-12-20T00:00:00-07:00,,,ft,240.10,UNKNOWN,Unknown,240.10,3705.46,,UNKNOWN,DWR (Manual)
CODWR,1004,2008-01-11T00:00:00-07:00,,,ft,245.10,UNKNOWN,Unknown,245.10,3700.46,,UNKNOWN,DWR (Manual)
CODWR,1004,2009-04-11T00:00:00-06:00,,,ft,246.10,UNKNOWN,Unknown,246.10,3699.46,,UNKNOWN,DWR (Manual)
CODWR,1004,2010-02-15T00:00:00-07:00,,,ft,254.10,UNKNOWN,Unknown,254.10,3691.46,,UNKNOWN,DWR (Manual)
CODWR,1004,2011-01-03T00:00:00-07:00,,,ft,257.40,UNKNOWN,Unknown,257.40,3688.16,,UNKNOWN,DWR (Manual)
CODWR,1004,2012-02-06T00:00:00-07:00,,,ft,259.80,UNKNOWN,Unknown,259.80,3685.76,,UNKNOWN,DWR (Manual)
CODWR,1004,2013-02-26T00:00:00-07:00,,,ft,263.10,UNKNOWN,Unknown,263.10,3682.46,,UNKNOWN,DWR (Manual)
CODWR,1004,2014-02-25T00:00:00-07:00,,,ft,264.90,UNKNOWN,Unknown,264.90,3680.66,,UNKNOWN,DWR (Manual)
CODWR,1004,2014-12-18T00:00:00-07:00,,,ft,262.50,UNKNOWN,Unknown,262.50,3683.06,,UNKNOWN,DWR (Manual)
CODWR,1004,2017-03-14T00:00:00-06:00,,,ft,263.60,UNKNOWN,Unknown,263.60,3681.96,,UNKNOWN,DWR (Manual)
CODWR,1004,2018-03-19T00:00:00-06:00,,,ft,263.30,UNKNOWN,Unknown,263.30,3682.26,,UNKNOWN,DWR (Manual)
CODWR,1004,2019-03-31T00:00:00-06:00,,,ft,264.20,UNKNOWN,Unknown,264.20,3681.36,,UNKNOWN,DWR (Manual)
CODWR,1004,2020-03-25T00:00:00-06:00,,,ft,264.80,UNKNOWN,Unknown,264.80,3680.76,,UNKNOWN,DWR (Manual)
CODWR,1004,2021-03-30T00:00:00-06:00,,,ft,266.70,UNKNOWN,Unknown,266.70,3678.86,,UNKNOWN,DWR (Manual)
CODWR,1004,2022-03-28T00:00:00-06:00,,,ft,267.30,UNKNOWN,Unknown,267.30,3678.26,,UNKNOWN,DWR (Manual)
CODWR,149917,2011-01-03T00:00:00-07:00,,,ft,233.60,UNKNOWN,Unknown,233.60,3892,,UNKNOWN,DWR (Manual)
CODWR,149917,2012-02-06T00:00:00-07:00,,,ft,231.30,UNKNOWN,Unknown,231.30,3895,,UNKNOWN,DWR (Manual)
CODWR,149917,2013-02-26T00:00:00-07:00,,,ft,234.10,UNKNOWN,Unknown,234.10,3892,,UNKNOWN,DWR (Manual)
CODWR,149917,2014-02-25T00:00:00-07:00,,,ft,234.40,UNKNOWN,Unknown,234.40,3892,,UNKNOWN,DWR (Manual)
CODWR,149917,2017-03-13T00:00:00-06:00,,,ft,213.90,UNKNOWN,Unknown,213.90,3912,,UNKNOWN,DWR (Manual)
CODWR,149917,2018-03-31T00:00:00-06:00,,,ft,227.40,UNKNOWN,Unknown,227.40,3899,,UNKNOWN,DWR (Manual)
CODWR,149917,2019-03-30T00:00:00-06:00,,,ft,228.50,UNKNOWN,Unknown,228.50,3898,,UNKNOWN,DWR (Manual)
CODWR,149917,2020-03-31T00:00:00-06:00,,,ft,213.70,UNKNOWN,Unknown,213.70,3912,,UNKNOWN,DWR (Manual)
CODWR,149917,2021-03-30T00:00:00-06:00,,,ft,228.10,UNKNOWN,Unknown,228.10,3898,,UNKNOWN,DWR (Manual)
CODWR,149917,2022-03-28T00:00:00-06:00,,,ft,228.90,UNKNOWN,Unknown,228.90,3897,,UNKNOWN,DWR (Manual)
CODWR,990,1993-01-27T00:00:00-07:00,,,ft,185.68,UNKNOWN,Unknown,185.68,4198.4,,UNKNOWN,DWR (Manual)
CODWR,990,1994-01-14T00:00:00-07:00,,,ft,186.64,UNKNOWN,Unknown,186.64,4197.5,,UNKNOWN,DWR (Manual)
CODWR,990,1995-01-14T00:00:00-07:00,,,ft,186.88,UNKNOWN,Unknown,186.88,4197.2,,UNKNOWN,DWR (Manual)
CODWR,990,1995-12-22T00:00:00-07:00,,,ft,186.33,UNKNOWN,Unknown,186.33,4197.8,,UNKNOWN,DWR (Manual)
CODWR,990,1997-01-16T00:00:00-07:00,,,ft,187.52,UNKNOWN,Unknown,187.52,4196.6,,UNKNOWN,DWR (Manual)
CODWR,990,1998-01-17T00:00:00-07:00,,,ft,187.74,UNKNOWN,Unknown,187.74,4196.4,,UNKNOWN,DWR (Manual)
CODWR,990,1999-01-19T00:00:00-07:00,,,ft,188.00,UNKNOWN,Unknown,188.00,4196.1,,UNKNOWN,DWR (Manual)
CODWR,990,2000-01-19T00:00:00-07:00,,,ft,188.06,UNKNOWN,Unknown,188.06,4196.0,,UNKNOWN,DWR (Manual)
CODWR,990,2000-12-28T00:00:00-07:00,,,ft,188.35,UNKNOWN,Unknown,188.35,4195.8,,UNKNOWN,DWR (Manual)
CODWR,990,2001-12-27T00:00:00-07:00,,,ft,189.07,UNKNOWN,Unknown,189.07,4195.0,,UNKNOWN,DWR (Manual)
CODWR,990,2002-12-23T00:00:00-07:00,,,ft,189.93,UNKNOWN,Unknown,189.93,4194.2,,UNKNOWN,DWR (Manual)
CODWR,990,2003-12-29T00:00:00-07:00,,,ft,191.09,UNKNOWN,Unknown,191.09,4193.0,,UNKNOWN,DWR (Manual)
CODWR,990,2004-12-21T00:00:00-07:00,,,ft,192.44,UNKNOWN,Unknown,192.44,4191.7,,UNKNOWN,DWR (Manual)
CODWR,990,2006-01-31T00:00:00-07:00,,,ft,193.85,UNKNOWN,Unknown,193.85,4190.3,,UNKNOWN,DWR (Manual)
CODWR,990,2007-04-17T00:00:00-06:00,,,ft,198.41,UNKNOWN,Unknown,198.41,4185.7,,UNKNOWN,DWR (Manual)
CODWR,990,2008-01-28T00:00:00-07:00,,,ft,202.79,UNKNOWN,Unknown,202.79,4181.3,,UNKNOWN,DWR (Manual)
CODWR,990,2009-04-04T00:00:00-06:00,,,ft,204.23,UNKNOWN,Unknown,204.23,4179.9,,UNKNOWN,DWR (Manual)
CODWR,990,2010-02-15T00:00:00-07:00,,,ft,189.40,UNKNOWN,Unknown,189.40,4194.7,,UNKNOWN,DWR (Manual)
CODWR,990,2011-01-04T00:00:00-07:00,,,ft,184.20,UNKNOWN,Unknown,184.20,4199.9,,UNKNOWN,DWR (Manual)
CODWR,990,2012-02-06T00:00:00-07:00,,,ft,182.10,UNKNOWN,Unknown,182.10,4202.0,,UNKNOWN,DWR (Manual)
CODWR,990,2013-02-26T00:00:00-07:00,,,ft,187.50,UNKNOWN,Unknown,187.50,4196.6,,UNKNOWN,DWR (Manual)
CODWR,990,2014-02-28T00:00:00-07:00,,,ft,189.20,UNKNOWN,Unknown,189.20,4194.9,,UNKNOWN,DWR (Manual)
CODWR,990,2014-12-18T00:00:00-07:00,,,ft,195.90,UNKNOWN,Unknown,195.90,4188.2,,UNKNOWN,DWR (Manual)
CODWR,990,2017-03-15T00:00:00-06:00,,,ft,202.10,UNKNOWN,Unknown,202.10,4182.0,,UNKNOWN,DWR (Manual)
CODWR,990,2018-03-29T00:00:00-06:00,,,ft,199.80,UNKNOWN,Unknown,199.80,4184.3,,UNKNOWN,DWR (Manual)
CODWR,990,2019-03-21T00:00:00-06:00,,,ft,199.40,UNKNOWN,Unknown,199.40,4184.7,,UNKNOWN,DWR (Manual)
CODWR,990,2020-03-31T00:00:00-06:00,,,ft,208.40,UNKNOWN,Unknown,208.40,4175.7,,UNKNOWN,DWR (Manual)
CODWR,990,2021-03-30T00:00:00-06:00,,,ft,204.80,UNKNOWN,Unknown,204.80,4179.3,,UNKNOWN,DWR (Manual)
CODWR,990,2022-03-26T00:00:00-06:00,,,ft,205.30,UNKNOWN,Unknown,205.30,4178.8,,UNKNOWN,DWR (Manual)
CODWR,993,1993-04-15T00:00:00-06:00,,,ft,161.19,UNKNOWN,Unknown,161.19,4365.67,,UNKNOWN,USGS
CODWR,993,1994-01-14T00:00:00-07:00,,,ft,166.05,UNKNOWN,Unknown,166.05,4360.81,,UNKNOWN,DWR (Manual)
CODWR,993,1995-01-14T00:00:00-07:00,,,ft,164.52,UNKNOWN,Unknown,164.52,4362.34,,UNKNOWN,DWR (Manual)
CODWR,993,1995-12-22T00:00:00-07:00,,,ft,163.57,UNKNOWN,Unknown,163.57,4363.29,,UNKNOWN,DWR (Manual)
CODWR,993,1997-01-14T00:00:00-07:00,,,ft,164.88,UNKNOWN,Unknown,164.88,4361.98,,UNKNOWN,DWR (Manual)
CODWR,993,1998-01-17T00:00:00-07:00,,,ft,166.61,UNKNOWN,Unknown,166.61,4360.25,,UNKNOWN,DWR (Manual)
CODWR,993,1999-01-19T00:00:00-07:00,,,ft,168.25,UNKNOWN,Unknown,168.25,4358.61,,UNKNOWN,DWR (Manual)
CODWR,993,2000-01-19T00:00:00-07:00,,,ft,167.49,UNKNOWN,Unknown,167.49,4359.37,,UNKNOWN,DWR (Manual)
CODWR,993,2000-12-28T00:00:00-07:00,,,ft,167.83,UNKNOWN,Unknown,167.83,4359.03,,UNKNOWN,DWR (Manual)
CODWR,993,2001-12-27T00:00:00-07:00,,,ft,169.95,UNKNOWN,Unknown,169.95,4356.91,,UNKNOWN,DWR (Manual)
CODWR,993,2002-12-23T00:00:00-07:00,,,ft,171.45,UNKNOWN,Unknown,171.45,4355.41,,UNKNOWN,DWR (Manual)
CODWR,993,2003-12-29T00:00:00-07:00,,,ft,167.25,UNKNOWN,Unknown,167.25,4359.61,,UNKNOWN,DWR (Manual)
CODWR,993,2004-12-21T00:00:00-07:00,,,ft,166.93,UNKNOWN,Unknown,166.93,4359.93,,UNKNOWN,DWR (Manual)
CODWR,993,2006-01-31T00:00:00-07:00,,,ft,164.53,UNKNOWN,Unknown,164.53,4362.33,,UNKNOWN,DWR (Manual)
CODWR,993,2007-04-17T00:00:00-06:00,,,ft,169.11,UNKNOWN,Unknown,169.11,4357.75,,UNKNOWN,DWR (Manual)
CODWR,993,2008-01-08T00:00:00-07:00,,,ft,170.99,UNKNOWN,Unknown,170.99,4355.87,,UNKNOWN,DWR (Manual)
CODWR,993,2010-02-06T00:00:00-07:00,,,ft,168.94,UNKNOWN,Unknown,168.94,4357.92,,UNKNOWN,DWR (Manual)
CODWR,993,2011-01-04T00:00:00-07:00,,,ft,163.60,UNKNOWN,Unknown,163.60,4363.26,,UNKNOWN,DWR (Manual)
CODWR,993,2012-02-06T00:00:00-07:00,,,ft,161.10,UNKNOWN,Unknown,161.10,4365.76,,UNKNOWN,DWR (Manual)
CODWR,993,2013-02-26T00:00:00-07:00,,,ft,164.40,UNKNOWN,Unknown,164.40,4362.46,,UNKNOWN,DWR (Manual)
CODWR,993,2014-02-25T00:00:00-07:00,,,ft,166.40,UNKNOWN,Unknown,166.40,4360.46,,UNKNOWN,DWR (Manual)
CODWR,993,2014-12-18T00:00:00-07:00,,,ft,168.30,UNKNOWN,Unknown,168.30,4358.56,,UNKNOWN,DWR (Manual)
CODWR,993,2017-03-15T00:00:00-06:00,,,ft,154.10,UNKNOWN,Unknown,154.10,4372.76,,UNKNOWN,DWR (Manual)
CODWR,993,2018-03-28T00:00:00-06:00,,,ft,154.00,UNKNOWN,Unknown,154.00,4372.86,,UNKNOWN,DWR (Manual)
CODWR,993,2019-03-21T00:00:00-06:00,,,ft,152.90,UNKNOWN,Unknown,152.90,4373.96,,UNKNOWN,DWR (Manual)
CODWR,993,2020-03-31T00:00:00-06:00,,,ft,155.80,UNKNOWN,Unknown,155.80,4371.06,,UNKNOWN,DWR (Manual)
CODWR,993,2021-03-29T00:00:00-06:00,,,ft,157.30,UNKNOWN,Unknown,157.30,4369.56,,UNKNOWN,DWR (Manual)
CODWR,993,2022-03-27T00:00:00-06:00,,,ft,157.80,UNKNOWN,Unknown,157.80,4369.06,,UNKNOWN,DWR (Manual)
CODWR,996,1993-01-26T00:00:00-07:00,,,ft,204.63,UNKNOWN,Unknown,204.63,3681.91,,UNKNOWN,DWR (Manual)
CODWR,996,1995-01-15T00:00:00-07:00,,,ft,208.50,UNKNOWN,Unknown,208.50,3678.04,,UNKNOWN,DWR (Manual)
CODWR,996,1995-12-21T00:00:00-07:00,,,ft,210.88,UNKNOWN,Unknown,210.88,3675.66,,UNKNOWN,DWR (Manual)
CODWR,996,1997-01-18T00:00:00-07:00,,,ft,212.07,UNKNOWN,Unknown,212.07,3674.47,,UNKNOWN,DWR (Manual)
CODWR,996,1998-01-17T00:00:00-07:00,,,ft,214.24,UNKNOWN,Unknown,214.24,3672.30,,UNKNOWN,DWR (Manual)
CODWR,996,1999-01-21T00:00:00-07:00,,,ft,216.88,UNKNOWN,Unknown,216.88,3669.66,,UNKNOWN,DWR (Manual)
CODWR,996,2000-01-18T00:00:00-07:00,,,ft,218.19,UNKNOWN,Unknown,218.19,3668.35,,UNKNOWN,DWR (Manual)
CODWR,996,2000-12-27T00:00:00-07:00,,,ft,222.90,UNKNOWN,Unknown,222.90,3663.64,,UNKNOWN,DWR (Manual)
CODWR,996,2001-12-26T00:00:00-07:00,,,ft,224.95,UNKNOWN,Unknown,224.95,3661.59,,UNKNOWN,DWR (Manual)
CODWR,996,2002-12-26T00:00:00-07:00,,,ft,230.27,UNKNOWN,Unknown,230.27,3656.27,,UNKNOWN,DWR (Manual)
CODWR,996,2003-12-23T00:00:00-07:00,,,ft,232.08,UNKNOWN,Unknown,232.08,3654.46,,UNKNOWN,DWR (Manual)
CODWR,996,2004-12-20T00:00:00-07:00,,,ft,233.42,UNKNOWN,Unknown,233.42,3653.12,,UNKNOWN,DWR (Manual)
CODWR,996,2006-02-01T00:00:00-07:00,,,ft,234.28,UNKNOWN,Unknown,234.28,3652.26,,UNKNOWN,DWR (Manual)
CODWR,996,2007-04-09T00:00:00-06:00,,,ft,237.11,UNKNOWN,Unknown,237.11,3649.43,,UNKNOWN,DWR (Manual)
CODWR,996,2008-01-11T00:00:00-07:00,,,ft,243.98,UNKNOWN,Unknown,243.98,3642.56,,UNKNOWN,DWR (Manual)
CODWR,996,2009-04-04T00:00:00-06:00,,,ft,244.69,UNKNOWN,Unknown,244.69,3641.85,,UNKNOWN,DWR (Manual)
CODWR,996,2010-02-15T00:00:00-07:00,,,ft,252.20,UNKNOWN,Unknown,252.20,3634.34,,UNKNOWN,DWR (Manual)
CODWR,996,2011-01-03T00:00:00-07:00,,,ft,256.10,UNKNOWN,Unknown,256.10,3630.44,,UNKNOWN,DWR (Manual)
CODWR,996,2012-02-06T00:00:00-07:00,,,ft,259.90,UNKNOWN,Unknown,259.90,3626.64,,UNKNOWN,DWR (Manual)
CODWR,996,2013-02-26T00:00:00-07:00,,,ft,264.20,UNKNOWN,Unknown,264.20,3622.34,,UNKNOWN,DWR (Manual)
CODWR,996,2014-02-25T00:00:00-07:00,,,ft,265.90,UNKNOWN,Unknown,265.90,3620.64,,UNKNOWN,DWR (Manual)
CODWR,996,2014-12-18T00:00:00-07:00,,,ft,263.70,UNKNOWN,Unknown,263.70,3622.84,,UNKNOWN,DWR (Manual)
CODWR,996,2017-03-27T00:00:00-06:00,,,ft,259.60,UNKNOWN,Unknown,259.60,3626.94,,UNKNOWN,DWR (Manual)
CODWR,996,2018-03-19T00:00:00-06:00,,,ft,262.00,UNKNOWN,Unknown,262.00,3624.54,,UNKNOWN,DWR (Manual)
CODWR,996,2019-03-30T00:00:00-06:00,,,ft,261.20,UNKNOWN,Unknown,261.20,3625.34,,UNKNOWN,DWR (Manual)
CODWR,996,2020-03-25T00:00:00-06:00,,,ft,259.70,UNKNOWN,Unknown,259.70,3626.84,,UNKNOWN,DWR (Manual)
CODWR,996,2021-03-26T00:00:00-06:00,,,ft,253.00,UNKNOWN,Unknown,253.00,3633.54,,UNKNOWN,DWR (Manual)
CODWR,996,2022-03-27T00:00:00-06:00,,,ft,255.00,UNKNOWN,Unknown,255.00,3631.54,,UNKNOWN,DWR (Manual)
CODWR,997,1993-01-26T00:00:00-07:00,,,ft,199.93,UNKNOWN,Unknown,199.93,3689,,UNKNOWN,DWR (Manual)
CODWR,997,1994-01-13T00:00:00-07:00,,,ft,201.05,UNKNOWN,Unknown,201.05,3688,,UNKNOWN,DWR (Manual)
CODWR,997,1995-01-15T00:00:00-07:00,,,ft,202.95,UNKNOWN,Unknown,202.95,3686,,UNKNOWN,DWR (Manual)
CODWR,997,1995-12-21T00:00:00-07:00,,,ft,204.80,UNKNOWN,Unknown,204.80,3684,,UNKNOWN,DWR (Manual)
CODWR,997,1997-01-18T00:00:00-07:00,,,ft,206.77,UNKNOWN,Unknown,206.77,3682,,UNKNOWN,DWR (Manual)
CODWR,997,1998-01-17T00:00:00-07:00,,,ft,208.56,UNKNOWN,Unknown,208.56,3680,,UNKNOWN,DWR (Manual)
CODWR,997,1999-01-21T00:00:00-07:00,,,ft,211.28,UNKNOWN,Unknown,211.28,3678,,UNKNOWN,DWR (Manual)
CODWR,997,2000-01-18T00:00:00-07:00,,,ft,212.70,UNKNOWN,Unknown,212.70,3676,,UNKNOWN,DWR (Manual)
CODWR,997,2000-12-27T00:00:00-07:00,,,ft,215.77,UNKNOWN,Unknown,215.77,3673,,UNKNOWN,DWR (Manual)
CODWR,997,2001-12-26T00:00:00-07:00,,,ft,218.55,UNKNOWN,Unknown,218.55,3670,,UNKNOWN,DWR (Manual)
CODWR,997,2002-12-26T00:00:00-07:00,,,ft,223.32,UNKNOWN,Unknown,223.32,3666,,UNKNOWN,DWR (Manual)
CODWR,997,2003-12-23T00:00:00-07:00,,,ft,225.10,UNKNOWN,Unknown,225.10,3664,,UNKNOWN,DWR (Manual)
CODWR,997,2004-12-20T00:00:00-07:00,,,ft,226.80,UNKNOWN,Unknown,226.80,3662,,UNKNOWN,DWR (Manual)
CODWR,997,2006-02-01T00:00:00-07:00,,,ft,227.98,UNKNOWN,Unknown,227.98,3661,,UNKNOWN,DWR (Manual)
CODWR,997,2007-04-09T00:00:00-06:00,,,ft,230.50,UNKNOWN,Unknown,230.50,3659,,UNKNOWN,DWR (Manual)
CODWR,997,2008-01-11T00:00:00-07:00,,,ft,236.72,UNKNOWN,Unknown,236.72,3652,,UNKNOWN,DWR (Manual)
CODWR,997,2009-04-04T00:00:00-06:00,,,ft,237.55,UNKNOWN,Unknown,237.55,3651,,UNKNOWN,DWR (Manual)
CODWR,997,2010-02-15T00:00:00-07:00,,,ft,238.50,UNKNOWN,Unknown,238.50,3651,,UNKNOWN,DWR (Manual)
CODWR,997,2017-03-27T00:00:00-06:00,,,ft,256.90,UNKNOWN,Unknown,256.90,3632,,UNKNOWN,DWR (Manual)
CODWR,997,2018-03-19T00:00:00-06:00,,,ft,257.60,UNKNOWN,Unknown,257.60,3631,,UNKNOWN,DWR (Manual)
CODWR,997,2019-03-30T00:00:00-06:00,,,ft,257.10,UNKNOWN,Unknown,257.10,3632,,UNKNOWN,DWR (Manual)
CODWR,997,2020-03-25T00:00:00-06:00,,,ft,258.30,UNKNOWN,Unknown,258.30,3631,,UNKNOWN,DWR (Manual)
CODWR,997,2021-03-26T00:00:00-06:00,,,ft,248.90,UNKNOWN,Unknown,248.90,3640,,UNKNOWN,DWR (Manual)
CODWR,997,2022-03-28T00:00:00-06:00,,,ft,251.50,UNKNOWN,Unknown,251.50,3638,,UNKNOWN,DWR (Manual)
CODWR,994,1993-01-26T00:00:00-07:00,,,ft,200.22,UNKNOWN,Unknown,200.22,3696.36,,UNKNOWN,DWR (Manual)
CODWR,994,1994-01-13T00:00:00-07:00,,,ft,201.12,UNKNOWN,Unknown,201.12,3695.46,,UNKNOWN,DWR (Manual)
CODWR,994,1995-01-15T00:00:00-07:00,,,ft,201.84,UNKNOWN,Unknown,201.84,3694.74,,UNKNOWN,DWR (Manual)
CODWR,994,1995-12-20T00:00:00-07:00,,,ft,204.25,UNKNOWN,Unknown,204.25,3692.33,,UNKNOWN,DWR (Manual)
CODWR,994,1997-01-18T00:00:00-07:00,,,ft,206.28,UNKNOWN,Unknown,206.28,3690.30,,UNKNOWN,DWR (Manual)
CODWR,994,1998-01-16T00:00:00-07:00,,,ft,207.74,UNKNOWN,Unknown,207.74,3688.84,,UNKNOWN,DWR (Manual)
CODWR,994,1999-01-21T00:00:00-07:00,,,ft,208.70,UNKNOWN,Unknown,208.70,3687.88,,UNKNOWN,DWR (Manual)
CODWR,994,2000-01-18T00:00:00-07:00,,,ft,210.78,UNKNOWN,Unknown,210.78,3685.80,,UNKNOWN,DWR (Manual)
CODWR,994,2000-12-27T00:00:00-07:00,,,ft,213.88,UNKNOWN,Unknown,213.88,3682.70,,UNKNOWN,DWR (Manual)
CODWR,994,2001-12-26T00:00:00-07:00,,,ft,215.89,UNKNOWN,Unknown,215.89,3680.69,,UNKNOWN,DWR (Manual)
CODWR,994,2002-12-26T00:00:00-07:00,,,ft,220.07,UNKNOWN,Unknown,220.07,3676.51,,UNKNOWN,DWR (Manual)
CODWR,994,2003-12-23T00:00:00-07:00,,,ft,222.62,UNKNOWN,Unknown,222.62,3673.96,,UNKNOWN,DWR (Manual)
CODWR,994,2004-12-20T00:00:00-07:00,,,ft,224.77,UNKNOWN,Unknown,224.77,3671.81,,UNKNOWN,DWR (Manual)
CODWR,994,2006-02-01T00:00:00-07:00,,,ft,227.05,UNKNOWN,Unknown,227.05,3669.53,,UNKNOWN,DWR (Manual)
CODWR,994,2007-03-16T00:00:00-06:00,,,ft,232.55,UNKNOWN,Unknown,232.55,3664.03,,UNKNOWN,DWR (Manual)
CODWR,994,2008-01-09T00:00:00-07:00,,,ft,231.30,UNKNOWN,Unknown,231.30,3665.28,,UNKNOWN,DWR (Manual)
CODWR,994,2009-04-27T00:00:00-06:00,,,ft,232.17,UNKNOWN,Unknown,232.17,3664.41,,UNKNOWN,DWR (Manual)
CODWR,994,2010-02-12T00:00:00-07:00,,,ft,228.80,UNKNOWN,Unknown,228.80,3667.78,,UNKNOWN,DWR (Manual)
CODWR,994,2011-01-03T00:00:00-07:00,,,ft,228.90,UNKNOWN,Unknown,228.90,3667.68,,UNKNOWN,DWR (Manual)
CODWR,994,2012-02-06T00:00:00-07:00,,,ft,232.10,UNKNOWN,Unknown,232.10,3664.48,,UNKNOWN,DWR (Manual)
CODWR,994,2013-02-26T00:00:00-07:00,,,ft,246.70,UNKNOWN,Unknown,246.70,3649.88,,UNKNOWN,DWR (Manual)
CODWR,994,2014-02-25T00:00:00-07:00,,,ft,240.30,UNKNOWN,Unknown,240.30,3656.28,,UNKNOWN,DWR (Manual)
CODWR,994,2014-12-18T00:00:00-07:00,,,ft,241.00,UNKNOWN,Unknown,241.00,3655.58,,UNKNOWN,DWR (Manual)
CODWR,994,2017-03-20T00:00:00-06:00,,,ft,203.10,UNKNOWN,Unknown,203.10,3693.48,,UNKNOWN,DWR (Manual)
CODWR,994,2018-03-27T00:00:00-06:00,,,ft,234.90,UNKNOWN,Unknown,234.90,3661.68,,UNKNOWN,DWR (Manual)
CODWR,994,2019-03-30T00:00:00-06:00,,,ft,229.40,UNKNOWN,Unknown,229.40,3667.18,,UNKNOWN,DWR (Manual)
CODWR,994,2020-03-25T00:00:00-06:00,,,ft,229.20,UNKNOWN,Unknown,229.20,3667.38,,UNKNOWN,DWR (Manual)
CODWR,994,2021-03-27T00:00:00-06:00,,,ft,201.40,UNKNOWN,Unknown,201.40,3695.18,,UNKNOWN,DWR (Manual)
CODWR,994,2022-03-27T00:00:00-06:00,,,ft,203.50,UNKNOWN,Unknown,203.50,3693.08,,UNKNOWN,DWR (Manual)
CODWR,1088,1997-01-14T00:00:00-07:00,,,ft,110.27,UNKNOWN,Unknown,110.27,4455,,UNKNOWN,DWR (Manual)
CODWR,1088,1998-01-18T00:00:00-07:00,,,ft,110.87,UNKNOWN,Unknown,110.87,4454,,UNKNOWN,DWR (Manual)
CODWR,1088,1999-01-19T00:00:00-07:00,,,ft,110.75,UNKNOWN,Unknown,110.75,4454,,UNKNOWN,DWR (Manual)
CODWR,1088,2000-01-20T00:00:00-07:00,,,ft,110.97,UNKNOWN,Unknown,110.97,4454,,UNKNOWN,DWR (Manual)
CODWR,1088,2000-12-28T00:00:00-07:00,,,ft,111.51,UNKNOWN,Unknown,111.51,4453,,UNKNOWN,DWR (Manual)
CODWR,1088,2003-12-29T00:00:00-07:00,,,ft,112.51,UNKNOWN,Unknown,112.51,4452,,UNKNOWN,DWR (Manual)
CODWR,1088,2004-12-21T00:00:00-07:00,,,ft,112.75,UNKNOWN,Unknown,112.75,4452,,UNKNOWN,DWR (Manual)
CODWR,1088,2006-01-10T00:00:00-07:00,,,ft,114.02,UNKNOWN,Unknown,114.02,4451,,UNKNOWN,DWR (Manual)
CODWR,1088,2007-04-17T00:00:00-06:00,,,ft,111.90,UNKNOWN,Unknown,111.90,4453,,UNKNOWN,DWR (Manual)
CODWR,1088,2008-01-07T00:00:00-07:00,,,ft,112.50,UNKNOWN,Unknown,112.50,4453,,UNKNOWN,DWR (Manual)
CODWR,1088,2009-04-06T00:00:00-06:00,,,ft,115.22,UNKNOWN,Unknown,115.22,4450,,UNKNOWN,DWR (Manual)
CODWR,1088,2010-02-06T00:00:00-07:00,,,ft,107.00,UNKNOWN,Unknown,107.00,4458,,UNKNOWN,DWR (Manual)
CODWR,1088,2011-01-04T00:00:00-07:00,,,ft,106.80,UNKNOWN,Unknown,106.80,4458,,UNKNOWN,DWR (Manual)
CODWR,1088,2012-02-06T00:00:00-07:00,,,ft,106.20,UNKNOWN,Unknown,106.20,4459,,UNKNOWN,DWR (Manual)
CODWR,1088,2013-02-26T00:00:00-07:00,,,ft,108.70,UNKNOWN,Unknown,108.70,4456,,UNKNOWN,DWR (Manual)
CODWR,1088,2014-02-25T00:00:00-07:00,,,ft,109.90,UNKNOWN,Unknown,109.90,4455,,UNKNOWN,DWR (Manual)
CODWR,1088,2014-12-18T00:00:00-07:00,,,ft,145.10,UNKNOWN,Unknown,145.10,4420,,UNKNOWN,DWR (Manual)
CODWR,1088,2017-03-15T00:00:00-06:00,,,ft,107.90,UNKNOWN,Unknown,107.90,4457,,UNKNOWN,DWR (Manual)
CODWR,1088,2018-03-28T00:00:00-06:00,,,ft,107.20,UNKNOWN,Unknown,107.20,4458,,UNKNOWN,DWR (Manual)
CODWR,1088,2019-03-31T00:00:00-06:00,,,ft,107.50,UNKNOWN,Unknown,107.50,4458,,UNKNOWN,DWR (Manual)
CODWR,1088,2020-03-31T00:00:00-06:00,,,ft,107.30,UNKNOWN,Unknown,107.30,4458,,UNKNOWN,DWR (Manual)
CODWR,1088,2021-03-29T00:00:00-06:00,,,ft,108.10,UNKNOWN,Unknown,108.10,4457,,UNKNOWN,DWR (Manual)
CODWR,1088,2022-03-26T00:00:00-06:00,,,ft,107.90,UNKNOWN,Unknown,107.90,4457,,UNKNOWN,DWR (Manual)
CODWR,149871,2010-02-07T00:00:00-07:00,,,ft,219.40,UNKNOWN,Unknown,219.40,3903,,UNKNOWN,DWR (Manual)
CODWR,149871,2011-01-03T00:00:00-07:00,,,ft,214.30,UNKNOWN,Unknown,214.30,3908,,UNKNOWN,DWR (Manual)
CODWR,149871,2012-02-06T00:00:00-07:00,,,ft,212.60,UNKNOWN,Unknown,212.60,3909,,UNKNOWN,DWR (Manual)
CODWR,149871,2013-02-26T00:00:00-07:00,,,ft,215.20,UNKNOWN,Unknown,215.20,3907,,UNKNOWN,DWR (Manual)
CODWR,149871,2014-02-25T00:00:00-07:00,,,ft,217.40,UNKNOWN,Unknown,217.40,3905,,UNKNOWN,DWR (Manual)
CODWR,149871,2014-12-18T00:00:00-07:00,,,ft,222.00,UNKNOWN,Unknown,222.00,3900,,UNKNOWN,DWR (Manual)
CODWR,149871,2017-03-13T00:00:00-06:00,,,ft,218.50,UNKNOWN,Unknown,218.50,3904,,UNKNOWN,DWR (Manual)
CODWR,149871,2018-03-19T00:00:00-06:00,,,ft,220.20,UNKNOWN,Unknown,220.20,3902,,UNKNOWN,DWR (Manual)
CODWR,149871,2019-03-30T00:00:00-06:00,,,ft,219.60,UNKNOWN,Unknown,219.60,3902,,UNKNOWN,DWR (Manual)
CODWR,149871,2020-03-31T00:00:00-06:00,,,ft,219.80,UNKNOWN,Unknown,219.80,3902,,UNKNOWN,DWR (Manual)
CODWR,149871,2021-03-30T00:00:00-06:00,,,ft,222.10,UNKNOWN,Unknown,222.10,3900,,UNKNOWN,DWR (Manual)
CODWR,149871,2022-03-28T00:00:00-06:00,,,ft,223.70,UNKNOWN,Unknown,223.70,3898,,UNKNOWN,DWR (Manual)
CODWR,998,1993-01-26T00:00:00-07:00,,,ft,253.77,UNKNOWN,Unknown,253.77,3708.78,,UNKNOWN,DWR (Manual)
CODWR,998,1994-01-13T00:00:00-07:00,,,ft,254.05,UNKNOWN,Unknown,254.05,3708.50,,UNKNOWN,DWR (Manual)
CODWR,998,1995-01-15T00:00:00-07:00,,,ft,255.68,UNKNOWN,Unknown,255.68,3706.87,,UNKNOWN,DWR (Manual)
CODWR,998,1995-12-21T00:00:00-07:00,,,ft,257.94,UNKNOWN,Unknown,257.94,3704.61,,UNKNOWN,DWR (Manual)
CODWR,998,1997-01-16T00:00:00-07:00,,,ft,259.74,UNKNOWN,Unknown,259.74,3702.81,,UNKNOWN,DWR (Manual)
CODWR,998,1998-01-17T00:00:00-07:00,,,ft,261.88,UNKNOWN,Unknown,261.88,3700.67,,UNKNOWN,DWR (Manual)
CODWR,998,1999-01-21T00:00:00-07:00,,,ft,263.00,UNKNOWN,Unknown,263.00,3699.55,,UNKNOWN,DWR (Manual)
CODWR,998,2000-01-18T00:00:00-07:00,,,ft,264.32,UNKNOWN,Unknown,264.32,3698.23,,UNKNOWN,DWR (Manual)
CODWR,998,2000-12-28T00:00:00-07:00,,,ft,270.05,UNKNOWN,Unknown,270.05,3692.50,,UNKNOWN,DWR (Manual)
CODWR,998,2001-12-26T00:00:00-07:00,,,ft,271.83,UNKNOWN,Unknown,271.83,3690.72,,UNKNOWN,DWR (Manual)
CODWR,998,2002-12-26T00:00:00-07:00,,,ft,276.40,UNKNOWN,Unknown,276.40,3686.15,,UNKNOWN,DWR (Manual)
CODWR,998,2003-12-23T00:00:00-07:00,,,ft,276.16,UNKNOWN,Unknown,276.16,3686.39,,UNKNOWN,DWR (Manual)
CODWR,998,2004-12-20T00:00:00-07:00,,,ft,277.92,UNKNOWN,Unknown,277.92,3684.63,,UNKNOWN,DWR (Manual)
CODWR,998,2006-02-01T00:00:00-07:00,,,ft,279.12,UNKNOWN,Unknown,279.12,3683.43,,UNKNOWN,DWR (Manual)
CODWR,998,2007-04-09T00:00:00-06:00,,,ft,283.29,UNKNOWN,Unknown,283.29,3679.26,,UNKNOWN,DWR (Manual)
CODWR,998,2008-01-26T00:00:00-07:00,,,ft,287.29,UNKNOWN,Unknown,287.29,3675.26,,UNKNOWN,DWR (Manual)
CODWR,998,2009-04-12T00:00:00-06:00,,,ft,289.42,UNKNOWN,Unknown,289.42,3673.13,,UNKNOWN,DWR (Manual)
CODWR,998,2010-02-15T00:00:00-07:00,,,ft,284.40,UNKNOWN,Unknown,284.40,3678.15,,UNKNOWN,DWR (Manual)
CODWR,998,2018-04-02T00:00:00-06:00,,,ft,273.40,UNKNOWN,Unknown,273.40,3689.15,,UNKNOWN,DWR (Manual)
CODWR,998,2019-03-31T00:00:00-06:00,,,ft,274.60,UNKNOWN,Unknown,274.60,3687.95,,UNKNOWN,DWR (Manual)
CODWR,998,2020-03-25T00:00:00-06:00,,,ft,276.00,UNKNOWN,Unknown,276.00,3686.55,,UNKNOWN,DWR (Manual)
CODWR,998,2021-03-26T00:00:00-06:00,,,ft,276.60,UNKNOWN,Unknown,276.60,3685.95,,UNKNOWN,DWR (Manual)
CODWR,998,2022-03-22T00:00:00-06:00,,,ft,278.90,UNKNOWN,Unknown,278.90,3683.65,,UNKNOWN,DWR (Manual)
CODWR,149709,2008-03-20T00:00:00-06:00,,,ft,123.77,UNKNOWN,Unknown,123.77,4208,,UNKNOWN,DWR (Manual)
CODWR,149709,2010-02-15T00:00:00-07:00,,,ft,131.40,UNKNOWN,Unknown,131.40,4201,,UNKNOWN,DWR (Manual)
CODWR,149709,2011-01-04T00:00:00-07:00,,,ft,137.55,UNKNOWN,Unknown,137.55,4194,,UNKNOWN,DWR (Manual)
CODWR,149709,2012-02-06T00:00:00-07:00,,,ft,140.30,UNKNOWN,Unknown,140.30,4192,,UNKNOWN,DWR (Manual)
CODWR,149709,2013-02-26T00:00:00-07:00,,,ft,140.20,UNKNOWN,Unknown,140.20,4192,,UNKNOWN,DWR (Manual)
CODWR,149709,2014-02-25T00:00:00-07:00,,,ft,142.70,UNKNOWN,Unknown,142.70,4189,,UNKNOWN,DWR (Manual)
CODWR,149709,2014-12-18T00:00:00-07:00,,,ft,149.60,UNKNOWN,Unknown,149.60,4182,,UNKNOWN,DWR (Manual)
CODWR,149709,2019-03-21T00:00:00-06:00,,,ft,151.60,UNKNOWN,Unknown,151.60,4180,,UNKNOWN,DWR (Manual)
CODWR,149709,2020-03-31T00:00:00-06:00,,,ft,220.30,UNKNOWN,Unknown,220.30,4112,,UNKNOWN,DWR (Manual)
CODWR,149709,2021-03-30T00:00:00-06:00,,,ft,155.80,UNKNOWN,Unknown,155.80,4176,,UNKNOWN,DWR (Manual)
CODWR,149709,2022-03-26T00:00:00-06:00,,,ft,157.60,UNKNOWN,Unknown,157.60,4174,,UNKNOWN,DWR (Manual)
CODWR,149710,2008-03-20T00:00:00-06:00,,,ft,177.02,UNKNOWN,Unknown,177.02,4236,,UNKNOWN,DWR (Manual)
CODWR,149710,2009-04-04T00:00:00-06:00,,,ft,180.00,UNKNOWN,Unknown,180.00,4233,,UNKNOWN,DWR (Manual)
CODWR,149710,2010-02-15T00:00:00-07:00,,,ft,170.15,UNKNOWN,Unknown,170.15,4243,,UNKNOWN,DWR (Manual)
CODWR,149710,2011-01-04T00:00:00-07:00,,,ft,169.85,UNKNOWN,Unknown,169.85,4243,,UNKNOWN,DWR (Manual)
CODWR,149710,2012-02-06T00:00:00-07:00,,,ft,169.50,UNKNOWN,Unknown,169.50,4244,,UNKNOWN,DWR (Manual)
CODWR,149710,2013-02-26T00:00:00-07:00,,,ft,171.85,UNKNOWN,Unknown,171.85,4241,,UNKNOWN,DWR (Manual)
CODWR,149710,2014-02-25T00:00:00-07:00,,,ft,171.85,UNKNOWN,Unknown,171.85,4241,,UNKNOWN,DWR (Manual)
CODWR,149710,2018-03-31T00:00:00-06:00,,,ft,177.60,UNKNOWN,Unknown,177.60,4235,,UNKNOWN,DWR (Manual)
CODWR,149710,2019-03-21T00:00:00-06:00,,,ft,171.40,UNKNOWN,Unknown,171.40,4242,,UNKNOWN,DWR (Manual)
CODWR,149710,2020-03-31T00:00:00-06:00,,,ft,173.90,UNKNOWN,Unknown,173.90,4239,,UNKNOWN,DWR (Manual)
CODWR,149710,2021-03-29T00:00:00-06:00,,,ft,176.05,UNKNOWN,Unknown,176.05,4237,,UNKNOWN,DWR (Manual)
CODWR,149710,2022-03-26T00:00:00-06:00,,,ft,176.70,UNKNOWN,Unknown,176.70,4236,,UNKNOWN,DWR (Manual)
CODWR,149687,2008-03-08T00:00:00-07:00,,,ft,121.89,UNKNOWN,Unknown,121.89,3976,,UNKNOWN,DWR (Manual)
CODWR,149687,2009-04-07T00:00:00-06:00,,,ft,124.90,UNKNOWN,Unknown,124.90,3973,,UNKNOWN,DWR (Manual)
CODWR,149687,2010-02-12T00:00:00-07:00,,,ft,123.20,UNKNOWN,Unknown,123.20,3975,,UNKNOWN,DWR (Manual)
CODWR,149687,2011-01-03T00:00:00-07:00,,,ft,123.20,UNKNOWN,Unknown,123.20,3975,,UNKNOWN,DWR (Manual)
CODWR,149687,2012-02-06T00:00:00-07:00,,,ft,125.60,UNKNOWN,Unknown,125.60,3972,,UNKNOWN,DWR (Manual)
CODWR,149687,2013-02-26T00:00:00-07:00,,,ft,125.00,UNKNOWN,Unknown,125.00,3973,,UNKNOWN,DWR (Manual)
CODWR,149687,2014-02-25T00:00:00-07:00,,,ft,125.60,UNKNOWN,Unknown,125.60,3972,,UNKNOWN,DWR (Manual)
CODWR,149687,2014-12-18T00:00:00-07:00,,,ft,126.30,UNKNOWN,Unknown,126.30,3972,,UNKNOWN,DWR (Manual)
CODWR,149687,2017-03-15T00:00:00-06:00,,,ft,119.20,UNKNOWN,Unknown,119.20,3979,,UNKNOWN,DWR (Manual)
CODWR,149687,2018-03-27T00:00:00-06:00,,,ft,121.70,UNKNOWN,Unknown,121.70,3976,,UNKNOWN,DWR (Manual)
CODWR,149687,2019-03-31T00:00:00-06:00,,,ft,121.60,UNKNOWN,Unknown,121.60,3976,,UNKNOWN,DWR (Manual)
CODWR,149687,2020-03-26T00:00:00-06:00,,,ft,123.30,UNKNOWN,Unknown,123.30,3975,,UNKNOWN,DWR (Manual)
CODWR,149687,2021-03-29T00:00:00-06:00,,,ft,123.10,UNKNOWN,Unknown,123.10,3975,,UNKNOWN,DWR (Manual)
CODWR,149687,2022-03-27T00:00:00-06:00,,,ft,124.20,UNKNOWN,Unknown,124.20,3974,,UNKNOWN,DWR (Manual)
CODWR,149688,2008-03-10T00:00:00-06:00,,,ft,197.79,UNKNOWN,Unknown,197.79,4026,,UNKNOWN,DWR (Manual)
CODWR,149688,2009-04-07T00:00:00-06:00,,,ft,200.59,UNKNOWN,Unknown,200.59,4023,,UNKNOWN,DWR (Manual)
CODWR,149688,2010-02-12T00:00:00-07:00,,,ft,195.66,UNKNOWN,Unknown,195.66,4028,,UNKNOWN,DWR (Manual)
CODWR,149688,2011-01-03T00:00:00-07:00,,,ft,198.02,UNKNOWN,Unknown,198.02,4026,,UNKNOWN,DWR (Manual)
CODWR,149688,2012-02-06T00:00:00-07:00,,,ft,202.30,UNKNOWN,Unknown,202.30,4022,,UNKNOWN,DWR (Manual)
CODWR,149688,2013-02-26T00:00:00-07:00,,,ft,196.20,UNKNOWN,Unknown,196.20,4028,,UNKNOWN,DWR (Manual)
CODWR,149688,2014-02-25T00:00:00-07:00,,,ft,198.60,UNKNOWN,Unknown,198.60,4025,,UNKNOWN,DWR (Manual)
CODWR,149688,2014-12-18T00:00:00-07:00,,,ft,200.40,UNKNOWN,Unknown,200.40,4024,,UNKNOWN,DWR (Manual)
CODWR,149688,2019-03-02T00:00:00-07:00,,,ft,191.40,UNKNOWN,Unknown,191.40,4033,,UNKNOWN,DWR (Manual)
CODWR,149688,2020-03-26T00:00:00-06:00,,,ft,192.70,UNKNOWN,Unknown,192.70,4031,,UNKNOWN,DWR (Manual)
CODWR,149688,2021-03-30T00:00:00-06:00,,,ft,195.35,UNKNOWN,Unknown,195.35,4029,,UNKNOWN,DWR (Manual)
CODWR,149688,2022-03-27T00:00:00-06:00,,,ft,196.50,UNKNOWN,Unknown,196.50,4028,,UNKNOWN,DWR (Manual)
CODWR,1007,1993-01-26T00:00:00-07:00,,,ft,192.51,UNKNOWN,Unknown,192.51,3830.06,,UNKNOWN,DWR (Manual)
CODWR,1007,1994-01-13T00:00:00-07:00,,,ft,194.17,UNKNOWN,Unknown,194.17,3828.40,,UNKNOWN,DWR (Manual)
CODWR,1007,1995-01-15T00:00:00-07:00,,,ft,195.47,UNKNOWN,Unknown,195.47,3827.10,,UNKNOWN,DWR (Manual)
CODWR,1007,1995-12-21T00:00:00-07:00,,,ft,197.38,UNKNOWN,Unknown,197.38,3825.19,,UNKNOWN,DWR (Manual)
CODWR,1007,1997-01-16T00:00:00-07:00,,,ft,198.55,UNKNOWN,Unknown,198.55,3824.02,,UNKNOWN,DWR (Manual)
CODWR,1007,1998-01-17T00:00:00-07:00,,,ft,199.19,UNKNOWN,Unknown,199.19,3823.38,,UNKNOWN,DWR (Manual)
CODWR,1007,1999-01-21T00:00:00-07:00,,,ft,200.05,UNKNOWN,Unknown,200.05,3822.52,,UNKNOWN,DWR (Manual)
CODWR,1007,2000-01-18T00:00:00-07:00,,,ft,201.57,UNKNOWN,Unknown,201.57,3821.00,,UNKNOWN,DWR (Manual)
CODWR,1007,2000-12-28T00:00:00-07:00,,,ft,204.14,UNKNOWN,Unknown,204.14,3818.43,,UNKNOWN,DWR (Manual)
CODWR,1007,2001-12-27T00:00:00-07:00,,,ft,205.22,UNKNOWN,Unknown,205.22,3817.35,,UNKNOWN,DWR (Manual)
CODWR,1007,2002-12-26T00:00:00-07:00,,,ft,208.23,UNKNOWN,Unknown,208.23,3814.34,,UNKNOWN,DWR (Manual)
CODWR,1007,2003-12-23T00:00:00-07:00,,,ft,208.17,UNKNOWN,Unknown,208.17,3814.40,,UNKNOWN,DWR (Manual)
CODWR,1007,2004-12-15T00:00:00-07:00,,,ft,209.20,UNKNOWN,Unknown,209.20,3813.37,,UNKNOWN,DWR (Manual)
CODWR,1007,2006-02-01T00:00:00-07:00,,,ft,210.02,UNKNOWN,Unknown,210.02,3812.55,,UNKNOWN,DWR (Manual)
CODWR,1007,2007-04-17T00:00:00-06:00,,,ft,210.78,UNKNOWN,Unknown,210.78,3811.79,,UNKNOWN,DWR (Manual)
CODWR,1007,2008-01-26T00:00:00-07:00,,,ft,211.20,UNKNOWN,Unknown,211.20,3811.37,,UNKNOWN,DWR (Manual)
CODWR,1007,2009-04-04T00:00:00-06:00,,,ft,210.40,UNKNOWN,Unknown,210.40,3812.17,,UNKNOWN,DWR (Manual)
CODWR,1007,2010-02-15T00:00:00-07:00,,,ft,209.30,UNKNOWN,Unknown,209.30,3813.27,,UNKNOWN,DWR (Manual)
CODWR,1007,2011-01-03T00:00:00-07:00,,,ft,210.10,UNKNOWN,Unknown,210.10,3812.47,,UNKNOWN,DWR (Manual)
CODWR,1007,2012-02-06T00:00:00-07:00,,,ft,211.50,UNKNOWN,Unknown,211.50,3811.07,,UNKNOWN,DWR (Manual)
CODWR,1007,2013-02-26T00:00:00-07:00,,,ft,217.50,UNKNOWN,Unknown,217.50,3805.07,,UNKNOWN,DWR (Manual)
CODWR,1007,2014-02-25T00:00:00-07:00,,,ft,218.50,UNKNOWN,Unknown,218.50,3804.07,,UNKNOWN,DWR (Manual)
CODWR,1007,2014-12-18T00:00:00-07:00,,,ft,219.10,UNKNOWN,Unknown,219.10,3803.47,,UNKNOWN,DWR (Manual)
CODWR,1007,2017-03-15T00:00:00-06:00,,,ft,217.20,UNKNOWN,Unknown,217.20,3805.37,,UNKNOWN,DWR (Manual)
CODWR,1007,2018-03-18T00:00:00-06:00,,,ft,216.20,UNKNOWN,Unknown,216.20,3806.37,,UNKNOWN,DWR (Manual)
CODWR,1007,2019-03-30T00:00:00-06:00,,,ft,213.90,UNKNOWN,Unknown,213.90,3808.67,,UNKNOWN,DWR (Manual)
CODWR,1007,2020-03-25T00:00:00-06:00,,,ft,216.80,UNKNOWN,Unknown,216.80,3805.77,,UNKNOWN,DWR (Manual)
CODWR,1007,2021-03-26T00:00:00-06:00,,,ft,217.40,UNKNOWN,Unknown,217.40,3805.17,,UNKNOWN,DWR (Manual)
CODWR,1007,2022-03-28T00:00:00-06:00,,,ft,217.70,UNKNOWN,Unknown,217.70,3804.87,,UNKNOWN,DWR (Manual)
CODWR,1124,2004-01-15T00:00:00-07:00,,,ft,274.68,UNKNOWN,Unknown,274.68,3750,,UNKNOWN,DWR (Manual)
CODWR,1124,2004-12-15T00:00:00-07:00,,,ft,275.04,UNKNOWN,Unknown,275.04,3750,,UNKNOWN,DWR (Manual)
CODWR,1124,2017-03-13T00:00:00-06:00,,,ft,296.10,UNKNOWN,Unknown,296.10,3729,,UNKNOWN,DWR (Manual)
CODWR,1124,2018-03-23T00:00:00-06:00,,,ft,296.90,UNKNOWN,Unknown,296.90,3728,,UNKNOWN,DWR (Manual)
CODWR,1124,2019-03-29T00:00:00-06:00,,,ft,296.30,UNKNOWN,Unknown,296.30,3729,,UNKNOWN,DWR (Manual)
CODWR,1124,2020-03-26T00:00:00-06:00,,,ft,295.50,UNKNOWN,Unknown,295.50,3730,,UNKNOWN,DWR (Manual)
CODWR,1124,2021-03-26T00:00:00-06:00,,,ft,291.60,UNKNOWN,Unknown,291.60,3733,,UNKNOWN,DWR (Manual)
CODWR,1124,2022-03-27T00:00:00-06:00,,,ft,294.20,UNKNOWN,Unknown,294.20,3731,,UNKNOWN,DWR (Manual)
CODWR,1008,1993-01-28T00:00:00-07:00,,,ft,237.92,UNKNOWN,Unknown,237.92,3834.66,,UNKNOWN,DWR (Manual)
CODWR,1008,1994-03-17T00:00:00-07:00,,,ft,234.56,UNKNOWN,Unknown,234.56,3838.02,,UNKNOWN,USGS
CODWR,1008,1995-01-15T00:00:00-07:00,,,ft,239.85,UNKNOWN,Unknown,239.85,3832.73,,UNKNOWN,DWR (Manual)
CODWR,1008,1995-12-21T00:00:00-07:00,,,ft,239.72,UNKNOWN,Unknown,239.72,3832.86,,UNKNOWN,DWR (Manual)
CODWR,1008,1997-01-16T00:00:00-07:00,,,ft,240.70,UNKNOWN,Unknown,240.70,3831.88,,UNKNOWN,DWR (Manual)
CODWR,1008,1998-01-17T00:00:00-07:00,,,ft,241.18,UNKNOWN,Unknown,241.18,3831.40,,UNKNOWN,DWR (Manual)
CODWR,1008,1999-01-21T00:00:00-07:00,,,ft,242.13,UNKNOWN,Unknown,242.13,3830.45,,UNKNOWN,DWR (Manual)
CODWR,1008,2000-01-18T00:00:00-07:00,,,ft,243.80,UNKNOWN,Unknown,243.80,3828.78,,UNKNOWN,DWR (Manual)
CODWR,1008,2000-12-28T00:00:00-07:00,,,ft,246.20,UNKNOWN,Unknown,246.20,3826.38,,UNKNOWN,DWR (Manual)
CODWR,1008,2001-12-27T00:00:00-07:00,,,ft,246.39,UNKNOWN,Unknown,246.39,3826.19,,UNKNOWN,DWR (Manual)
CODWR,1008,2002-12-26T00:00:00-07:00,,,ft,250.44,UNKNOWN,Unknown,250.44,3822.14,,UNKNOWN,DWR (Manual)
CODWR,1008,2003-12-23T00:00:00-07:00,,,ft,251.07,UNKNOWN,Unknown,251.07,3821.51,,UNKNOWN,DWR (Manual)
CODWR,1008,2004-12-20T00:00:00-07:00,,,ft,252.37,UNKNOWN,Unknown,252.37,3820.21,,UNKNOWN,DWR (Manual)
CODWR,1008,2006-02-01T00:00:00-07:00,,,ft,252.91,UNKNOWN,Unknown,252.91,3819.67,,UNKNOWN,DWR (Manual)
CODWR,1008,2007-04-09T00:00:00-06:00,,,ft,256.91,UNKNOWN,Unknown,256.91,3815.67,,UNKNOWN,DWR (Manual)
CODWR,1008,2008-01-26T00:00:00-07:00,,,ft,259.05,UNKNOWN,Unknown,259.05,3813.53,,UNKNOWN,DWR (Manual)
CODWR,1008,2009-04-12T00:00:00-06:00,,,ft,259.63,UNKNOWN,Unknown,259.63,3812.95,,UNKNOWN,DWR (Manual)
CODWR,1008,2010-02-15T00:00:00-07:00,,,ft,261.50,UNKNOWN,Unknown,261.50,3811.08,,UNKNOWN,DWR (Manual)
CODWR,1008,2011-01-03T00:00:00-07:00,,,ft,257.20,UNKNOWN,Unknown,257.20,3815.38,,UNKNOWN,DWR (Manual)
CODWR,1008,2012-02-06T00:00:00-07:00,,,ft,255.90,UNKNOWN,Unknown,255.90,3816.68,,UNKNOWN,DWR (Manual)
CODWR,1008,2013-02-26T00:00:00-07:00,,,ft,258.20,UNKNOWN,Unknown,258.20,3814.38,,UNKNOWN,DWR (Manual)
CODWR,1008,2014-02-25T00:00:00-07:00,,,ft,252.50,UNKNOWN,Unknown,252.50,3820.08,,UNKNOWN,DWR (Manual)
CODWR,1008,2014-12-18T00:00:00-07:00,,,ft,247.80,UNKNOWN,Unknown,247.80,3824.78,,UNKNOWN,DWR (Manual)
CODWR,1008,2017-03-27T00:00:00-06:00,,,ft,239.60,UNKNOWN,Unknown,239.60,3832.98,,UNKNOWN,DWR (Manual)
CODWR,1008,2018-03-18T00:00:00-06:00,,,ft,239.00,UNKNOWN,Unknown,239.00,3833.58,,UNKNOWN,DWR (Manual)
CODWR,1008,2019-03-31T00:00:00-06:00,,,ft,238.90,UNKNOWN,Unknown,238.90,3833.68,,UNKNOWN,DWR (Manual)
CODWR,1008,2020-03-26T00:00:00-06:00,,,ft,238.90,UNKNOWN,Unknown,238.90,3833.68,,UNKNOWN,DWR (Manual)
CODWR,1008,2021-03-30T00:00:00-06:00,,,ft,237.20,UNKNOWN,Unknown,237.20,3835.38,,UNKNOWN,DWR (Manual)
CODWR,1008,2022-03-28T00:00:00-06:00,,,ft,238.10,UNKNOWN,Unknown,238.10,3834.48,,UNKNOWN,DWR (Manual)
CODWR,1108,2000-01-26T00:00:00-07:00,,,ft,124.10,UNKNOWN,Unknown,124.10,3836,,UNKNOWN,DWR (Manual)
CODWR,1108,2000-12-27T00:00:00-07:00,,,ft,124.24,UNKNOWN,Unknown,124.24,3836,,UNKNOWN,DWR (Manual)
CODWR,1108,2001-12-26T00:00:00-07:00,,,ft,124.60,UNKNOWN,Unknown,124.60,3835,,UNKNOWN,DWR (Manual)
CODWR,1108,2002-12-26T00:00:00-07:00,,,ft,125.03,UNKNOWN,Unknown,125.03,3835,,UNKNOWN,DWR (Manual)
CODWR,1108,2003-12-23T00:00:00-07:00,,,ft,125.25,UNKNOWN,Unknown,125.25,3835,,UNKNOWN,DWR (Manual)
CODWR,1108,2004-12-20T00:00:00-07:00,,,ft,125.38,UNKNOWN,Unknown,125.38,3835,,UNKNOWN,DWR (Manual)
CODWR,1108,2006-02-01T00:00:00-07:00,,,ft,125.74,UNKNOWN,Unknown,125.74,3834,,UNKNOWN,DWR (Manual)
CODWR,1108,2007-04-18T00:00:00-06:00,,,ft,125.71,UNKNOWN,Unknown,125.71,3834,,UNKNOWN,DWR (Manual)
CODWR,1108,2008-01-26T00:00:00-07:00,,,ft,124.88,UNKNOWN,Unknown,124.88,3835,,UNKNOWN,DWR (Manual)
CODWR,1108,2009-04-04T00:00:00-06:00,,,ft,125.70,UNKNOWN,Unknown,125.70,3834,,UNKNOWN,DWR (Manual)
CODWR,1108,2010-02-12T00:00:00-07:00,,,ft,126.60,UNKNOWN,Unknown,126.60,3833,,UNKNOWN,DWR (Manual)
CODWR,1108,2011-01-03T00:00:00-07:00,,,ft,125.80,UNKNOWN,Unknown,125.80,3834,,UNKNOWN,DWR (Manual)
CODWR,1108,2012-02-06T00:00:00-07:00,,,ft,124.30,UNKNOWN,Unknown,124.30,3836,,UNKNOWN,DWR (Manual)
CODWR,1108,2013-02-26T00:00:00-07:00,,,ft,121.90,UNKNOWN,Unknown,121.90,3838,,UNKNOWN,DWR (Manual)
CODWR,1108,2014-02-25T00:00:00-07:00,,,ft,120.30,UNKNOWN,Unknown,120.30,3840,,UNKNOWN,DWR (Manual)
CODWR,1108,2014-12-18T00:00:00-07:00,,,ft,119.90,UNKNOWN,Unknown,119.90,3840,,UNKNOWN,DWR (Manual)
CODWR,1108,2017-04-02T00:00:00-06:00,,,ft,118.00,UNKNOWN,Unknown,118.00,3842,,UNKNOWN,DWR (Manual)
CODWR,1108,2018-03-25T00:00:00-06:00,,,ft,127.40,UNKNOWN,Unknown,127.40,3833,,UNKNOWN,DWR (Manual)
CODWR,1108,2019-03-31T00:00:00-06:00,,,ft,126.80,UNKNOWN,Unknown,126.80,3833,,UNKNOWN,DWR (Manual)
CODWR,1108,2020-03-25T00:00:00-06:00,,,ft,127.40,UNKNOWN,Unknown,127.40,3833,,UNKNOWN,DWR (Manual)
CODWR,1108,2021-03-30T00:00:00-06:00,,,ft,129.10,UNKNOWN,Unknown,129.10,3831,,UNKNOWN,DWR (Manual)
CODWR,1108,2022-03-28T00:00:00-06:00,,,ft,130.20,UNKNOWN,Unknown,130.20,3830,,UNKNOWN,DWR (Manual)
CODWR,1115,2001-12-26T00:00:00-07:00,,,ft,224.30,UNKNOWN,Unknown,224.30,3936,,UNKNOWN,DWR (Manual)
CODWR,1115,2002-12-26T00:00:00-07:00,,,ft,226.12,UNKNOWN,Unknown,226.12,3934,,UNKNOWN,DWR (Manual)
CODWR,1115,2003-12-23T00:00:00-07:00,,,ft,227.48,UNKNOWN,Unknown,227.48,3933,,UNKNOWN,DWR (Manual)
CODWR,1115,2004-12-20T00:00:00-07:00,,,ft,228.27,UNKNOWN,Unknown,228.27,3932,,UNKNOWN,DWR (Manual)
CODWR,1115,2006-01-31T00:00:00-07:00,,,ft,228.52,UNKNOWN,Unknown,228.52,3931,,UNKNOWN,DWR (Manual)
CODWR,1115,2007-04-17T00:00:00-06:00,,,ft,230.78,UNKNOWN,Unknown,230.78,3929,,UNKNOWN,DWR (Manual)
CODWR,1115,2008-01-08T00:00:00-07:00,,,ft,236.99,UNKNOWN,Unknown,236.99,3923,,UNKNOWN,DWR (Manual)
CODWR,1115,2009-04-07T00:00:00-06:00,,,ft,232.40,UNKNOWN,Unknown,232.40,3928,,UNKNOWN,DWR (Manual)
CODWR,1115,2010-02-12T00:00:00-07:00,,,ft,237.50,UNKNOWN,Unknown,237.50,3923,,UNKNOWN,DWR (Manual)
CODWR,1115,2011-01-03T00:00:00-07:00,,,ft,231.10,UNKNOWN,Unknown,231.10,3929,,UNKNOWN,DWR (Manual)
CODWR,1115,2012-02-06T00:00:00-07:00,,,ft,230.10,UNKNOWN,Unknown,230.10,3930,,UNKNOWN,DWR (Manual)
CODWR,1115,2013-02-26T00:00:00-07:00,,,ft,232.70,UNKNOWN,Unknown,232.70,3927,,UNKNOWN,DWR (Manual)
CODWR,1115,2014-02-25T00:00:00-07:00,,,ft,232.30,UNKNOWN,Unknown,232.30,3928,,UNKNOWN,DWR (Manual)
CODWR,1115,2014-12-18T00:00:00-07:00,,,ft,232.75,UNKNOWN,Unknown,232.75,3927,,UNKNOWN,DWR (Manual)
CODWR,1115,2017-03-16T00:00:00-06:00,,,ft,229.70,UNKNOWN,Unknown,229.70,3930,,UNKNOWN,DWR (Manual)
CODWR,1115,2018-03-27T00:00:00-06:00,,,ft,231.40,UNKNOWN,Unknown,231.40,3929,,UNKNOWN,DWR (Manual)
CODWR,1115,2019-03-19T00:00:00-06:00,,,ft,231.10,UNKNOWN,Unknown,231.10,3929,,UNKNOWN,DWR (Manual)
CODWR,1115,2020-03-26T00:00:00-06:00,,,ft,229.60,UNKNOWN,Unknown,229.60,3930,,UNKNOWN,DWR (Manual)
CODWR,1115,2021-03-29T00:00:00-06:00,,,ft,232.70,UNKNOWN,Unknown,232.70,3927,,UNKNOWN,DWR (Manual)
CODWR,1115,2022-03-27T00:00:00-06:00,,,ft,233.30,UNKNOWN,Unknown,233.30,3927,,UNKNOWN,DWR (Manual)
CODWR,151052,2017-03-27T00:00:00-06:00,,,ft,164.50,UNKNOWN,Unknown,164.50,4026,,UNKNOWN,DWR (Manual)
CODWR,151052,2018-03-25T00:00:00-06:00,,,ft,166.50,UNKNOWN,Unknown,166.50,4024,,UNKNOWN,DWR (Manual)
CODWR,151052,2019-03-21T00:00:00-06:00,,,ft,168.30,UNKNOWN,Unknown,168.30,4022,,UNKNOWN,DWR (Manual)
CODWR,151052,2020-03-26T00:00:00-06:00,,,ft,168.20,UNKNOWN,Unknown,168.20,4022,,UNKNOWN,DWR (Manual)
CODWR,151052,2021-03-30T00:00:00-06:00,,,ft,167.25,UNKNOWN,Unknown,167.25,4023,,UNKNOWN,DWR (Manual)
CODWR,151052,2022-03-27T00:00:00-06:00,,,ft,168.10,UNKNOWN,Unknown,168.10,4022,,UNKNOWN,DWR (Manual)
CODWR,1110,2000-01-26T00:00:00-07:00,,,ft,118.60,UNKNOWN,Unknown,118.60,4001,,UNKNOWN,DWR (Manual)
CODWR,1110,2000-12-27T00:00:00-07:00,,,ft,119.60,UNKNOWN,Unknown,119.60,4000,,UNKNOWN,DWR (Manual)
CODWR,1110,2001-12-26T00:00:00-07:00,,,ft,121.10,UNKNOWN,Unknown,121.10,3999,,UNKNOWN,DWR (Manual)
CODWR,1110,2002-12-26T00:00:00-07:00,,,ft,122.03,UNKNOWN,Unknown,122.03,3998,,UNKNOWN,DWR (Manual)
CODWR,1110,2003-12-23T00:00:00-07:00,,,ft,122.25,UNKNOWN,Unknown,122.25,3998,,UNKNOWN,DWR (Manual)
CODWR,1110,2004-12-20T00:00:00-07:00,,,ft,124.17,UNKNOWN,Unknown,124.17,3996,,UNKNOWN,DWR (Manual)
CODWR,1110,2006-01-31T00:00:00-07:00,,,ft,123.75,UNKNOWN,Unknown,123.75,3996,,UNKNOWN,DWR (Manual)
CODWR,1110,2007-04-17T00:00:00-06:00,,,ft,122.95,UNKNOWN,Unknown,122.95,3997,,UNKNOWN,DWR (Manual)
CODWR,1110,2008-01-08T00:00:00-07:00,,,ft,125.17,UNKNOWN,Unknown,125.17,3995,,UNKNOWN,DWR (Manual)
CODWR,1110,2009-04-07T00:00:00-06:00,,,ft,128.15,UNKNOWN,Unknown,128.15,3992,,UNKNOWN,DWR (Manual)
CODWR,1110,2010-02-12T00:00:00-07:00,,,ft,125.70,UNKNOWN,Unknown,125.70,3994,,UNKNOWN,DWR (Manual)
CODWR,1110,2011-01-03T00:00:00-07:00,,,ft,125.60,UNKNOWN,Unknown,125.60,3994,,UNKNOWN,DWR (Manual)
CODWR,1110,2012-02-06T00:00:00-07:00,,,ft,127.50,UNKNOWN,Unknown,127.50,3993,,UNKNOWN,DWR (Manual)
CODWR,1110,2013-02-26T00:00:00-07:00,,,ft,127.30,UNKNOWN,Unknown,127.30,3993,,UNKNOWN,DWR (Manual)
CODWR,1110,2014-02-25T00:00:00-07:00,,,ft,128.00,UNKNOWN,Unknown,128.00,3992,,UNKNOWN,DWR (Manual)
CODWR,1110,2014-12-18T00:00:00-07:00,,,ft,128.70,UNKNOWN,Unknown,128.70,3991,,UNKNOWN,DWR (Manual)
CODWR,1110,2017-03-23T00:00:00-06:00,,,ft,127.70,UNKNOWN,Unknown,127.70,3992,,UNKNOWN,DWR (Manual)
CODWR,1110,2018-03-27T00:00:00-06:00,,,ft,125.40,UNKNOWN,Unknown,125.40,3995,,UNKNOWN,DWR (Manual)
CODWR,1110,2019-03-31T00:00:00-06:00,,,ft,125.20,UNKNOWN,Unknown,125.20,3995,,UNKNOWN,DWR (Manual)
CODWR,1110,2020-03-26T00:00:00-06:00,,,ft,122.10,UNKNOWN,Unknown,122.10,3998,,UNKNOWN,DWR (Manual)
CODWR,1110,2021-03-29T00:00:00-06:00,,,ft,126.90,UNKNOWN,Unknown,126.90,3993,,UNKNOWN,DWR (Manual)
CODWR,1110,2022-03-27T00:00:00-06:00,,,ft,126.60,UNKNOWN,Unknown,126.60,3993,,UNKNOWN,DWR (Manual)
CODWR,152187,2018-03-29T00:00:00-06:00,,,ft,174.40,UNKNOWN,Unknown,174.40,4277,,UNKNOWN,DWR (Manual)
CODWR,152187,2019-03-21T00:00:00-06:00,,,ft,174.90,UNKNOWN,Unknown,174.90,4276,,UNKNOWN,DWR (Manual)
CODWR,152187,2020-03-31T00:00:00-06:00,,,ft,171.70,UNKNOWN,Unknown,171.70,4279,,UNKNOWN,DWR (Manual)
CODWR,152187,2021-03-30T00:00:00-06:00,,,ft,175.80,UNKNOWN,Unknown,175.80,4275,,UNKNOWN,DWR (Manual)
CODWR,152187,2022-03-30T00:00:00-06:00,,,ft,175.60,UNKNOWN,Unknown,175.60,4275,,UNKNOWN,DWR (Manual)
CODWR,149916,2011-01-03T00:00:00-07:00,,,ft,261.20,UNKNOWN,Unknown,261.20,3699,,UNKNOWN,DWR (Manual)
CODWR,149916,2012-02-06T00:00:00-07:00,,,ft,263.10,UNKNOWN,Unknown,263.10,3697,,UNKNOWN,DWR (Manual)
CODWR,149916,2013-02-26T00:00:00-07:00,,,ft,265.40,UNKNOWN,Unknown,265.40,3695,,UNKNOWN,DWR (Manual)
CODWR,149916,2014-02-25T00:00:00-07:00,,,ft,273.40,UNKNOWN,Unknown,273.40,3687,,UNKNOWN,DWR (Manual)
CODWR,149916,2014-12-18T00:00:00-07:00,,,ft,271.50,UNKNOWN,Unknown,271.50,3689,,UNKNOWN,DWR (Manual)
CODWR,149916,2017-03-14T00:00:00-06:00,,,ft,267.90,UNKNOWN,Unknown,267.90,3692,,UNKNOWN,DWR (Manual)
CODWR,149916,2018-03-19T00:00:00-06:00,,,ft,270.80,UNKNOWN,Unknown,270.80,3689,,UNKNOWN,DWR (Manual)
CODWR,149916,2019-03-30T00:00:00-06:00,,,ft,272.70,UNKNOWN,Unknown,272.70,3687,,UNKNOWN,DWR (Manual)
CODWR,149916,2020-03-25T00:00:00-06:00,,,ft,269.50,UNKNOWN,Unknown,269.50,3691,,UNKNOWN,DWR (Manual)
CODWR,149916,2021-03-26T00:00:00-06:00,,,ft,280.10,UNKNOWN,Unknown,280.10,3680,,UNKNOWN,DWR (Manual)
CODWR,149916,2022-03-28T00:00:00-06:00,,,ft,279.90,UNKNOWN,Unknown,279.90,3680,,UNKNOWN,DWR (Manual)
CODWR,1002,1993-01-28T00:00:00-07:00,,,ft,106.19,UNKNOWN,Unknown,106.19,4247.65,,UNKNOWN,DWR (Manual)
CODWR,1002,1994-01-13T00:00:00-07:00,,,ft,105.80,UNKNOWN,Unknown,105.80,4248.04,,UNKNOWN,DWR (Manual)
CODWR,1002,1995-01-14T00:00:00-07:00,,,ft,105.63,UNKNOWN,Unknown,105.63,4248.21,,UNKNOWN,DWR (Manual)
CODWR,1002,1995-12-21T00:00:00-07:00,,,ft,105.38,UNKNOWN,Unknown,105.38,4248.46,,UNKNOWN,DWR (Manual)
CODWR,1002,1997-01-14T00:00:00-07:00,,,ft,105.25,UNKNOWN,Unknown,105.25,4248.59,,UNKNOWN,DWR (Manual)
CODWR,1002,1998-01-17T00:00:00-07:00,,,ft,105.15,UNKNOWN,Unknown,105.15,4248.69,,UNKNOWN,DWR (Manual)
CODWR,1002,2000-01-19T00:00:00-07:00,,,ft,106.28,UNKNOWN,Unknown,106.28,4247.56,,UNKNOWN,DWR (Manual)
CODWR,1002,2000-12-28T00:00:00-07:00,,,ft,108.28,UNKNOWN,Unknown,108.28,4245.56,,UNKNOWN,DWR (Manual)
CODWR,1002,2001-12-27T00:00:00-07:00,,,ft,108.97,UNKNOWN,Unknown,108.97,4244.87,,UNKNOWN,DWR (Manual)
CODWR,1002,2002-12-23T00:00:00-07:00,,,ft,110.14,UNKNOWN,Unknown,110.14,4243.70,,UNKNOWN,DWR (Manual)
CODWR,1002,2003-12-29T00:00:00-07:00,,,ft,111.66,UNKNOWN,Unknown,111.66,4242.18,,UNKNOWN,DWR (Manual)
CODWR,1002,2004-12-21T00:00:00-07:00,,,ft,112.30,UNKNOWN,Unknown,112.30,4241.54,,UNKNOWN,DWR (Manual)
CODWR,1002,2007-03-16T00:00:00-06:00,,,ft,112.18,UNKNOWN,Unknown,112.18,4241.66,,UNKNOWN,DWR (Manual)
CODWR,1002,2008-01-08T00:00:00-07:00,,,ft,112.24,UNKNOWN,Unknown,112.24,4241.60,,UNKNOWN,DWR (Manual)
CODWR,1002,2010-02-06T00:00:00-07:00,,,ft,106.20,UNKNOWN,Unknown,106.20,4247.64,,UNKNOWN,DWR (Manual)
CODWR,1002,2011-01-03T00:00:00-07:00,,,ft,106.20,UNKNOWN,Unknown,106.20,4247.64,,UNKNOWN,DWR (Manual)
CODWR,1002,2012-02-06T00:00:00-07:00,,,ft,107.30,UNKNOWN,Unknown,107.30,4246.54,,UNKNOWN,DWR (Manual)
CODWR,1002,2013-02-26T00:00:00-07:00,,,ft,106.70,UNKNOWN,Unknown,106.70,4247.14,,UNKNOWN,DWR (Manual)
CODWR,1002,2014-02-25T00:00:00-07:00,,,ft,106.90,UNKNOWN,Unknown,106.90,4246.94,,UNKNOWN,DWR (Manual)
CODWR,1002,2018-03-31T00:00:00-06:00,,,ft,105.50,UNKNOWN,Unknown,105.50,4248.34,,UNKNOWN,DWR (Manual)
CODWR,1002,2019-03-31T00:00:00-06:00,,,ft,108.20,UNKNOWN,Unknown,108.20,4245.64,,UNKNOWN,DWR (Manual)
CODWR,1002,2020-03-31T00:00:00-06:00,,,ft,103.90,UNKNOWN,Unknown,103.90,4249.94,,UNKNOWN,DWR (Manual)
CODWR,1002,2021-03-30T00:00:00-06:00,,,ft,106.70,UNKNOWN,Unknown,106.70,4247.14,,UNKNOWN,DWR (Manual)
CODWR,1002,2022-03-26T00:00:00-06:00,,,ft,107.30,UNKNOWN,Unknown,107.30,4246.54,,UNKNOWN,DWR (Manual)
CODWR,987,1993-01-26T00:00:00-07:00,,,ft,159.59,UNKNOWN,Unknown,159.59,3714.66,,UNKNOWN,DWR (Manual)
CODWR,987,1994-01-13T00:00:00-07:00,,,ft,162.08,UNKNOWN,Unknown,162.08,3712.17,,UNKNOWN,DWR (Manual)
CODWR,987,1995-01-15T00:00:00-07:00,,,ft,160.84,UNKNOWN,Unknown,160.84,3713.41,,UNKNOWN,DWR (Manual)
CODWR,987,1995-12-20T00:00:00-07:00,,,ft,162.51,UNKNOWN,Unknown,162.51,3711.74,,UNKNOWN,DWR (Manual)
CODWR,987,1997-01-18T00:00:00-07:00,,,ft,162.88,UNKNOWN,Unknown,162.88,3711.37,,UNKNOWN,DWR (Manual)
CODWR,987,1998-01-16T00:00:00-07:00,,,ft,162.25,UNKNOWN,Unknown,162.25,3712.00,,UNKNOWN,DWR (Manual)
CODWR,987,1999-01-21T00:00:00-07:00,,,ft,164.63,UNKNOWN,Unknown,164.63,3709.62,,UNKNOWN,DWR (Manual)
CODWR,987,2000-01-18T00:00:00-07:00,,,ft,165.32,UNKNOWN,Unknown,165.32,3708.93,,UNKNOWN,DWR (Manual)
CODWR,987,2000-12-27T00:00:00-07:00,,,ft,168.77,UNKNOWN,Unknown,168.77,3705.48,,UNKNOWN,DWR (Manual)
CODWR,987,2001-12-26T00:00:00-07:00,,,ft,170.71,UNKNOWN,Unknown,170.71,3703.54,,UNKNOWN,DWR (Manual)
CODWR,987,2002-12-26T00:00:00-07:00,,,ft,174.30,UNKNOWN,Unknown,174.30,3699.95,,UNKNOWN,DWR (Manual)
CODWR,987,2003-12-23T00:00:00-07:00,,,ft,177.40,UNKNOWN,Unknown,177.40,3696.85,,UNKNOWN,DWR (Manual)
CODWR,987,2004-12-20T00:00:00-07:00,,,ft,179.98,UNKNOWN,Unknown,179.98,3694.27,,UNKNOWN,DWR (Manual)
CODWR,987,2006-02-01T00:00:00-07:00,,,ft,180.31,UNKNOWN,Unknown,180.31,3693.94,,UNKNOWN,DWR (Manual)
CODWR,987,2007-04-09T00:00:00-06:00,,,ft,185.85,UNKNOWN,Unknown,185.85,3688.40,,UNKNOWN,DWR (Manual)
CODWR,987,2008-01-09T00:00:00-07:00,,,ft,186.84,UNKNOWN,Unknown,186.84,3687.41,,UNKNOWN,DWR (Manual)
CODWR,987,2009-04-04T00:00:00-06:00,,,ft,188.77,UNKNOWN,Unknown,188.77,3685.48,,UNKNOWN,DWR (Manual)
CODWR,987,2010-02-12T00:00:00-07:00,,,ft,190.20,UNKNOWN,Unknown,190.20,3684.05,,UNKNOWN,DWR (Manual)
CODWR,987,2011-01-03T00:00:00-07:00,,,ft,188.60,UNKNOWN,Unknown,188.60,3685.65,,UNKNOWN,DWR (Manual)
CODWR,987,2012-02-06T00:00:00-07:00,,,ft,187.40,UNKNOWN,Unknown,187.40,3686.85,,UNKNOWN,DWR (Manual)
CODWR,987,2013-02-26T00:00:00-07:00,,,ft,192.40,UNKNOWN,Unknown,192.40,3681.85,,UNKNOWN,DWR (Manual)
CODWR,987,2014-02-25T00:00:00-07:00,,,ft,204.20,UNKNOWN,Unknown,204.20,3670.05,,UNKNOWN,DWR (Manual)
CODWR,987,2014-12-18T00:00:00-07:00,,,ft,204.20,UNKNOWN,Unknown,204.20,3670.05,,UNKNOWN,DWR (Manual)
CODWR,987,2017-04-06T00:00:00-06:00,,,ft,192.90,UNKNOWN,Unknown,192.90,3681.35,,UNKNOWN,DWR (Manual)
CODWR,987,2018-03-27T00:00:00-06:00,,,ft,194.00,UNKNOWN,Unknown,194.00,3680.25,,UNKNOWN,DWR (Manual)
CODWR,987,2019-03-31T00:00:00-06:00,,,ft,192.70,UNKNOWN,Unknown,192.70,3681.55,,UNKNOWN,DWR (Manual)
CODWR,987,2020-03-25T00:00:00-06:00,,,ft,198.00,UNKNOWN,Unknown,198.00,3676.25,,UNKNOWN,DWR (Manual)
CODWR,987,2021-03-29T00:00:00-06:00,,,ft,201.90,UNKNOWN,Unknown,201.90,3672.35,,UNKNOWN,DWR (Manual)
CODWR,987,2022-03-27T00:00:00-06:00,,,ft,202.90,UNKNOWN,Unknown,202.90,3671.35,,UNKNOWN,DWR (Manual)
CODWR,1006,1993-01-26T00:00:00-07:00,,,ft,208.58,UNKNOWN,Unknown,208.58,3770.19,,UNKNOWN,DWR (Manual)
CODWR,1006,1994-01-13T00:00:00-07:00,,,ft,209.76,UNKNOWN,Unknown,209.76,3769.01,,UNKNOWN,DWR (Manual)
CODWR,1006,1995-01-15T00:00:00-07:00,,,ft,208.16,UNKNOWN,Unknown,208.16,3770.61,,UNKNOWN,DWR (Manual)
CODWR,1006,1995-12-21T00:00:00-07:00,,,ft,208.58,UNKNOWN,Unknown,208.58,3770.19,,UNKNOWN,DWR (Manual)
CODWR,1006,1997-01-16T00:00:00-07:00,,,ft,209.32,UNKNOWN,Unknown,209.32,3769.45,,UNKNOWN,DWR (Manual)
CODWR,1006,1998-01-17T00:00:00-07:00,,,ft,208.58,UNKNOWN,Unknown,208.58,3770.19,,UNKNOWN,DWR (Manual)
CODWR,1006,1999-01-21T00:00:00-07:00,,,ft,208.04,UNKNOWN,Unknown,208.04,3770.73,,UNKNOWN,DWR (Manual)
CODWR,1006,2000-01-18T00:00:00-07:00,,,ft,208.63,UNKNOWN,Unknown,208.63,3770.14,,UNKNOWN,DWR (Manual)
CODWR,1006,2000-12-27T00:00:00-07:00,,,ft,208.62,UNKNOWN,Unknown,208.62,3770.15,,UNKNOWN,DWR (Manual)
CODWR,1006,2001-12-26T00:00:00-07:00,,,ft,208.68,UNKNOWN,Unknown,208.68,3770.09,,UNKNOWN,DWR (Manual)
CODWR,1006,2002-12-26T00:00:00-07:00,,,ft,208.81,UNKNOWN,Unknown,208.81,3769.96,,UNKNOWN,DWR (Manual)
CODWR,1006,2003-12-23T00:00:00-07:00,,,ft,208.66,UNKNOWN,Unknown,208.66,3770.11,,UNKNOWN,DWR (Manual)
CODWR,1006,2004-12-20T00:00:00-07:00,,,ft,207.86,UNKNOWN,Unknown,207.86,3770.91,,UNKNOWN,DWR (Manual)
CODWR,1006,2006-02-01T00:00:00-07:00,,,ft,208.39,UNKNOWN,Unknown,208.39,3770.38,,UNKNOWN,DWR (Manual)
CODWR,1006,2007-04-17T00:00:00-06:00,,,ft,209.89,UNKNOWN,Unknown,209.89,3768.88,,UNKNOWN,DWR (Manual)
CODWR,1006,2008-01-26T00:00:00-07:00,,,ft,210.81,UNKNOWN,Unknown,210.81,3767.96,,UNKNOWN,DWR (Manual)
CODWR,1006,2010-02-15T00:00:00-07:00,,,ft,205.56,UNKNOWN,Unknown,205.56,3773.21,,UNKNOWN,DWR (Manual)
CODWR,1006,2011-01-03T00:00:00-07:00,,,ft,205.56,UNKNOWN,Unknown,205.56,3773.21,,UNKNOWN,DWR (Manual)
CODWR,1006,2012-02-06T00:00:00-07:00,,,ft,206.30,UNKNOWN,Unknown,206.30,3772.47,,UNKNOWN,DWR (Manual)
CODWR,1006,2013-02-26T00:00:00-07:00,,,ft,208.76,UNKNOWN,Unknown,208.76,3770.01,,UNKNOWN,DWR (Manual)
CODWR,1006,2014-02-25T00:00:00-07:00,,,ft,208.76,UNKNOWN,Unknown,208.76,3770.01,,UNKNOWN,DWR (Manual)
CODWR,1006,2014-12-18T00:00:00-07:00,,,ft,208.16,UNKNOWN,Unknown,208.16,3770.61,,UNKNOWN,DWR (Manual)
CODWR,1006,2017-03-14T00:00:00-06:00,,,ft,207.46,UNKNOWN,Unknown,207.46,3771.31,,UNKNOWN,DWR (Manual)
CODWR,1006,2018-03-28T00:00:00-06:00,,,ft,206.02,UNKNOWN,Unknown,206.02,3772.75,,UNKNOWN,DWR (Manual)
CODWR,1006,2019-03-31T00:00:00-06:00,,,ft,205.52,UNKNOWN,Unknown,205.52,3773.25,,UNKNOWN,DWR (Manual)
CODWR,1006,2020-03-25T00:00:00-06:00,,,ft,205.72,UNKNOWN,Unknown,205.72,3773.05,,UNKNOWN,DWR (Manual)
CODWR,1006,2021-03-26T00:00:00-06:00,,,ft,204.60,UNKNOWN,Unknown,204.60,3774.17,,UNKNOWN,DWR (Manual)
CODWR,1006,2022-03-28T00:00:00-06:00,,,ft,220.36,UNKNOWN,Unknown,220.36,3758.41,,UNKNOWN,DWR (Manual)
CODWR,149870,2010-02-07T00:00:00-07:00,,,ft,142.80,UNKNOWN,Unknown,142.80,4179,,UNKNOWN,DWR (Manual)
CODWR,149870,2011-01-03T00:00:00-07:00,,,ft,137.00,UNKNOWN,Unknown,137.00,4185,,UNKNOWN,DWR (Manual)
CODWR,149870,2012-02-06T00:00:00-07:00,,,ft,136.10,UNKNOWN,Unknown,136.10,4186,,UNKNOWN,DWR (Manual)
CODWR,149870,2013-02-26T00:00:00-07:00,,,ft,148.60,UNKNOWN,Unknown,148.60,4173,,UNKNOWN,DWR (Manual)
CODWR,149870,2014-02-28T00:00:00-07:00,,,ft,137.20,UNKNOWN,Unknown,137.20,4185,,UNKNOWN,DWR (Manual)
CODWR,149870,2014-12-18T00:00:00-07:00,,,ft,136.70,UNKNOWN,Unknown,136.70,4185,,UNKNOWN,DWR (Manual)
CODWR,149870,2017-03-30T00:00:00-06:00,,,ft,319.20,UNKNOWN,Unknown,319.20,4003,,UNKNOWN,DWR (Manual)
CODWR,149870,2018-03-28T00:00:00-06:00,,,ft,312.60,UNKNOWN,Unknown,312.60,4009,,UNKNOWN,DWR (Manual)
CODWR,149870,2019-03-31T00:00:00-06:00,,,ft,310.20,UNKNOWN,Unknown,310.20,4012,,UNKNOWN,DWR (Manual)
CODWR,149870,2020-03-31T00:00:00-06:00,,,ft,308.80,UNKNOWN,Unknown,308.80,4013,,UNKNOWN,DWR (Manual)
CODWR,149870,2021-03-30T00:00:00-06:00,,,ft,306.40,UNKNOWN,Unknown,306.40,4016,,UNKNOWN,DWR (Manual)
CODWR,149870,2022-03-26T00:00:00-06:00,,,ft,308.60,UNKNOWN,Unknown,308.60,4013,,UNKNOWN,DWR (Manual)
CODWR,149918,2011-01-04T00:00:00-07:00,,,ft,186.80,UNKNOWN,Unknown,186.80,4073,,UNKNOWN,DWR (Manual)
CODWR,149918,2012-02-06T00:00:00-07:00,,,ft,186.20,UNKNOWN,Unknown,186.20,4074,,UNKNOWN,DWR (Manual)
CODWR,149918,2013-02-26T00:00:00-07:00,,,ft,191.30,UNKNOWN,Unknown,191.30,4069,,UNKNOWN,DWR (Manual)
CODWR,149918,2014-02-28T00:00:00-07:00,,,ft,193.20,UNKNOWN,Unknown,193.20,4067,,UNKNOWN,DWR (Manual)
CODWR,149918,2014-12-18T00:00:00-07:00,,,ft,194.60,UNKNOWN,Unknown,194.60,4065,,UNKNOWN,DWR (Manual)
CODWR,149918,2017-03-12T00:00:00-07:00,,,ft,196.20,UNKNOWN,Unknown,196.20,4064,,UNKNOWN,DWR (Manual)
CODWR,149918,2018-03-28T00:00:00-06:00,,,ft,196.20,UNKNOWN,Unknown,196.20,4064,,UNKNOWN,DWR (Manual)
CODWR,149918,2019-03-31T00:00:00-06:00,,,ft,196.40,UNKNOWN,Unknown,196.40,4064,,UNKNOWN,DWR (Manual)
CODWR,149918,2020-03-31T00:00:00-06:00,,,ft,195.50,UNKNOWN,Unknown,195.50,4065,,UNKNOWN,DWR (Manual)
CODWR,149918,2021-03-30T00:00:00-06:00,,,ft,200.30,UNKNOWN,Unknown,200.30,4060,,UNKNOWN,DWR (Manual)
CODWR,149918,2022-03-26T00:00:00-06:00,,,ft,201.00,UNKNOWN,Unknown,201.00,4059,,UNKNOWN,DWR (Manual)
CODWR,1028,1993-01-27T00:00:00-07:00,,,ft,65.43,UNKNOWN,Unknown,65.43,4251.31,,UNKNOWN,DWR (Manual)
CODWR,1028,1993-12-21T00:00:00-07:00,,,ft,64.54,UNKNOWN,Unknown,64.54,4252.20,,UNKNOWN,DWR (Manual)
CODWR,1028,1995-12-20T00:00:00-07:00,,,ft,64.20,UNKNOWN,Unknown,64.20,4252.54,,UNKNOWN,DWR (Manual)
CODWR,1028,1997-01-18T00:00:00-07:00,,,ft,64.70,UNKNOWN,Unknown,64.70,4252.04,,UNKNOWN,DWR (Manual)
CODWR,1028,1998-01-17T00:00:00-07:00,,,ft,64.93,UNKNOWN,Unknown,64.93,4251.81,,UNKNOWN,DWR (Manual)
CODWR,1028,1999-01-21T00:00:00-07:00,,,ft,64.52,UNKNOWN,Unknown,64.52,4252.22,,UNKNOWN,DWR (Manual)
CODWR,1028,2000-01-19T00:00:00-07:00,,,ft,64.77,UNKNOWN,Unknown,64.77,4251.97,,UNKNOWN,DWR (Manual)
CODWR,1028,2000-12-28T00:00:00-07:00,,,ft,64.95,UNKNOWN,Unknown,64.95,4251.79,,UNKNOWN,DWR (Manual)
CODWR,1028,2003-01-23T00:00:00-07:00,,,ft,64.98,UNKNOWN,Unknown,64.98,4251.76,,UNKNOWN,DWR (Manual)
CODWR,1028,2004-01-29T00:00:00-07:00,,,ft,65.12,UNKNOWN,Unknown,65.12,4251.62,,UNKNOWN,DWR (Manual)
CODWR,1028,2004-12-21T00:00:00-07:00,,,ft,65.30,UNKNOWN,Unknown,65.30,4251.44,,UNKNOWN,DWR (Manual)
CODWR,1028,2018-03-28T00:00:00-06:00,,,ft,59.00,UNKNOWN,Unknown,59.00,4257.74,,UNKNOWN,DWR (Manual)
CODWR,1028,2019-03-21T00:00:00-06:00,,,ft,59.30,UNKNOWN,Unknown,59.30,4257.44,,UNKNOWN,DWR (Manual)
CODWR,1028,2020-03-26T00:00:00-06:00,,,ft,59.20,UNKNOWN,Unknown,59.20,4257.54,,UNKNOWN,DWR (Manual)
CODWR,1028,2021-03-30T00:00:00-06:00,,,ft,58.50,UNKNOWN,Unknown,58.50,4258.24,,UNKNOWN,DWR (Manual)
CODWR,1028,2022-03-27T00:00:00-06:00,,,ft,59.90,UNKNOWN,Unknown,59.90,4256.84,,UNKNOWN,DWR (Manual)
CODWR,999,1993-01-28T00:00:00-07:00,,,ft,195.06,UNKNOWN,Unknown,195.06,4063.68,,UNKNOWN,DWR (Manual)
CODWR,999,1994-01-13T00:00:00-07:00,,,ft,194.90,UNKNOWN,Unknown,194.90,4063.84,,UNKNOWN,DWR (Manual)
CODWR,999,1995-01-14T00:00:00-07:00,,,ft,195.63,UNKNOWN,Unknown,195.63,4063.11,,UNKNOWN,DWR (Manual)
CODWR,999,1995-12-21T00:00:00-07:00,,,ft,195.60,UNKNOWN,Unknown,195.60,4063.14,,UNKNOWN,DWR (Manual)
CODWR,999,1997-01-14T00:00:00-07:00,,,ft,195.60,UNKNOWN,Unknown,195.60,4063.14,,UNKNOWN,DWR (Manual)
CODWR,999,1998-01-16T00:00:00-07:00,,,ft,196.64,UNKNOWN,Unknown,196.64,4062.10,,UNKNOWN,DWR (Manual)
CODWR,999,1999-01-21T00:00:00-07:00,,,ft,195.80,UNKNOWN,Unknown,195.80,4062.94,,UNKNOWN,DWR (Manual)
CODWR,999,2000-01-19T00:00:00-07:00,,,ft,197.00,UNKNOWN,Unknown,197.00,4061.74,,UNKNOWN,DWR (Manual)
CODWR,999,2000-12-28T00:00:00-07:00,,,ft,198.12,UNKNOWN,Unknown,198.12,4060.62,,UNKNOWN,DWR (Manual)
CODWR,999,2001-12-27T00:00:00-07:00,,,ft,199.48,UNKNOWN,Unknown,199.48,4059.26,,UNKNOWN,DWR (Manual)
CODWR,999,2002-12-23T00:00:00-07:00,,,ft,199.32,UNKNOWN,Unknown,199.32,4059.42,,UNKNOWN,DWR (Manual)
CODWR,999,2008-01-08T00:00:00-07:00,,,ft,215.05,UNKNOWN,Unknown,215.05,4043.69,,UNKNOWN,DWR (Manual)
CODWR,999,2009-04-12T00:00:00-06:00,,,ft,215.01,UNKNOWN,Unknown,215.01,4043.73,,UNKNOWN,DWR (Manual)
CODWR,999,2010-02-06T00:00:00-07:00,,,ft,205.20,UNKNOWN,Unknown,205.20,4053.54,,UNKNOWN,DWR (Manual)
CODWR,999,2017-03-13T00:00:00-06:00,,,ft,213.80,UNKNOWN,Unknown,213.80,4044.94,,UNKNOWN,DWR (Manual)
CODWR,999,2018-03-28T00:00:00-06:00,,,ft,198.90,UNKNOWN,Unknown,198.90,4059.84,,UNKNOWN,DWR (Manual)
CODWR,999,2019-03-31T00:00:00-06:00,,,ft,203.60,UNKNOWN,Unknown,203.60,4055.14,,UNKNOWN,DWR (Manual)
CODWR,999,2020-03-31T00:00:00-06:00,,,ft,202.10,UNKNOWN,Unknown,202.10,4056.64,,UNKNOWN,DWR (Manual)
CODWR,999,2021-03-30T00:00:00-06:00,,,ft,200.70,UNKNOWN,Unknown,200.70,4058.04,,UNKNOWN,DWR (Manual)
CODWR,999,2022-03-26T00:00:00-06:00,,,ft,201.50,UNKNOWN,Unknown,201.50,4057.24,,UNKNOWN,DWR (Manual)
CODWR,981,1993-04-15T00:00:00-06:00,,,ft,122.58,UNKNOWN,Unknown,122.58,4054.09,,UNKNOWN,USGS
CODWR,981,1993-12-21T00:00:00-07:00,,,ft,122.54,UNKNOWN,Unknown,122.54,4054.13,,UNKNOWN,DWR (Manual)
CODWR,981,1995-01-15T00:00:00-07:00,,,ft,122.67,UNKNOWN,Unknown,122.67,4054.00,,UNKNOWN,DWR (Manual)
CODWR,981,1997-01-18T00:00:00-07:00,,,ft,122.70,UNKNOWN,Unknown,122.70,4053.97,,UNKNOWN,DWR (Manual)
CODWR,981,1998-01-16T00:00:00-07:00,,,ft,122.60,UNKNOWN,Unknown,122.60,4054.07,,UNKNOWN,DWR (Manual)
CODWR,981,2008-03-08T00:00:00-07:00,,,ft,134.11,UNKNOWN,Unknown,134.11,4042.56,,UNKNOWN,DWR (Manual)
CODWR,981,2009-04-10T00:00:00-06:00,,,ft,136.05,UNKNOWN,Unknown,136.05,4040.62,,UNKNOWN,DWR (Manual)
CODWR,981,2010-02-12T00:00:00-07:00,,,ft,119.05,UNKNOWN,Unknown,119.05,4057.62,,UNKNOWN,DWR (Manual)
CODWR,981,2011-01-03T00:00:00-07:00,,,ft,118.44,UNKNOWN,Unknown,118.44,4058.23,,UNKNOWN,DWR (Manual)
CODWR,981,2012-02-06T00:00:00-07:00,,,ft,117.90,UNKNOWN,Unknown,117.90,4058.77,,UNKNOWN,DWR (Manual)
CODWR,981,2013-02-26T00:00:00-07:00,,,ft,120.50,UNKNOWN,Unknown,120.50,4056.17,,UNKNOWN,DWR (Manual)
CODWR,981,2014-02-25T00:00:00-07:00,,,ft,121.00,UNKNOWN,Unknown,121.00,4055.67,,UNKNOWN,DWR (Manual)
CODWR,981,2014-12-18T00:00:00-07:00,,,ft,120.60,UNKNOWN,Unknown,120.60,4056.07,,UNKNOWN,DWR (Manual)
CODWR,981,2017-03-23T00:00:00-06:00,,,ft,120.80,UNKNOWN,Unknown,120.80,4055.87,,UNKNOWN,DWR (Manual)
CODWR,981,2018-03-27T00:00:00-06:00,,,ft,118.40,UNKNOWN,Unknown,118.40,4058.27,,UNKNOWN,DWR (Manual)
CODWR,981,2019-03-21T00:00:00-06:00,,,ft,118.00,UNKNOWN,Unknown,118.00,4058.67,,UNKNOWN,DWR (Manual)
CODWR,981,2020-03-26T00:00:00-06:00,,,ft,121.80,UNKNOWN,Unknown,121.80,4054.87,,UNKNOWN,DWR (Manual)
CODWR,981,2021-03-29T00:00:00-06:00,,,ft,124.50,UNKNOWN,Unknown,124.50,4052.17,,UNKNOWN,DWR (Manual)
CODWR,981,2022-03-27T00:00:00-06:00,,,ft,122.10,UNKNOWN,Unknown,122.10,4054.57,,UNKNOWN,DWR (Manual)
CODWR,984,1993-01-26T00:00:00-07:00,,,ft,121.70,UNKNOWN,Unknown,121.70,3790.18,,UNKNOWN,DWR (Manual)
CODWR,984,1993-12-21T00:00:00-07:00,,,ft,121.92,UNKNOWN,Unknown,121.92,3789.96,,UNKNOWN,DWR (Manual)
CODWR,984,1995-01-15T00:00:00-07:00,,,ft,121.98,UNKNOWN,Unknown,121.98,3789.90,,UNKNOWN,DWR (Manual)
CODWR,984,1995-12-20T00:00:00-07:00,,,ft,122.18,UNKNOWN,Unknown,122.18,3789.70,,UNKNOWN,DWR (Manual)
CODWR,984,1997-01-18T00:00:00-07:00,,,ft,122.79,UNKNOWN,Unknown,122.79,3789.09,,UNKNOWN,DWR (Manual)
CODWR,984,1998-01-16T00:00:00-07:00,,,ft,123.52,UNKNOWN,Unknown,123.52,3788.36,,UNKNOWN,DWR (Manual)
CODWR,984,1999-01-21T00:00:00-07:00,,,ft,123.80,UNKNOWN,Unknown,123.80,3788.08,,UNKNOWN,DWR (Manual)
CODWR,984,2000-01-18T00:00:00-07:00,,,ft,124.44,UNKNOWN,Unknown,124.44,3787.44,,UNKNOWN,DWR (Manual)
CODWR,984,2000-12-27T00:00:00-07:00,,,ft,125.56,UNKNOWN,Unknown,125.56,3786.32,,UNKNOWN,DWR (Manual)
CODWR,984,2001-12-26T00:00:00-07:00,,,ft,126.54,UNKNOWN,Unknown,126.54,3785.34,,UNKNOWN,DWR (Manual)
CODWR,984,2002-12-26T00:00:00-07:00,,,ft,128.78,UNKNOWN,Unknown,128.78,3783.10,,UNKNOWN,DWR (Manual)
CODWR,984,2003-12-23T00:00:00-07:00,,,ft,130.66,UNKNOWN,Unknown,130.66,3781.22,,UNKNOWN,DWR (Manual)
CODWR,984,2004-12-15T00:00:00-07:00,,,ft,131.74,UNKNOWN,Unknown,131.74,3780.14,,UNKNOWN,DWR (Manual)
CODWR,984,2006-02-01T00:00:00-07:00,,,ft,132.64,UNKNOWN,Unknown,132.64,3779.24,,UNKNOWN,DWR (Manual)
CODWR,984,2007-04-18T00:00:00-06:00,,,ft,138.55,UNKNOWN,Unknown,138.55,3773.33,,UNKNOWN,DWR (Manual)
CODWR,984,2008-01-26T00:00:00-07:00,,,ft,134.85,UNKNOWN,Unknown,134.85,3777.03,,UNKNOWN,DWR (Manual)
CODWR,984,2009-04-04T00:00:00-06:00,,,ft,135.50,UNKNOWN,Unknown,135.50,3776.38,,UNKNOWN,DWR (Manual)
CODWR,984,2010-02-12T00:00:00-07:00,,,ft,138.10,UNKNOWN,Unknown,138.10,3773.78,,UNKNOWN,DWR (Manual)
CODWR,984,2011-01-03T00:00:00-07:00,,,ft,138.40,UNKNOWN,Unknown,138.40,3773.48,,UNKNOWN,DWR (Manual)
CODWR,984,2012-02-06T00:00:00-07:00,,,ft,139.10,UNKNOWN,Unknown,139.10,3772.78,,UNKNOWN,DWR (Manual)
CODWR,984,2013-02-26T00:00:00-07:00,,,ft,143.60,UNKNOWN,Unknown,143.60,3768.28,,UNKNOWN,DWR (Manual)
CODWR,984,2014-02-25T00:00:00-07:00,,,ft,144.50,UNKNOWN,Unknown,144.50,3767.38,,UNKNOWN,DWR (Manual)
CODWR,984,2014-12-18T00:00:00-07:00,,,ft,146.20,UNKNOWN,Unknown,146.20,3765.68,,UNKNOWN,DWR (Manual)
CODWR,984,2017-03-20T00:00:00-06:00,,,ft,105.00,UNKNOWN,Unknown,105.00,3806.88,,UNKNOWN,DWR (Manual)
CODWR,984,2018-03-27T00:00:00-06:00,,,ft,105.70,UNKNOWN,Unknown,105.70,3806.18,,UNKNOWN,DWR (Manual)
CODWR,984,2019-03-31T00:00:00-06:00,,,ft,105.20,UNKNOWN,Unknown,105.20,3806.68,,UNKNOWN,DWR (Manual)
CODWR,984,2020-03-21T00:00:00-06:00,,,ft,108.70,UNKNOWN,Unknown,108.70,3803.18,,UNKNOWN,DWR (Manual)
CODWR,984,2021-03-30T00:00:00-06:00,,,ft,110.30,UNKNOWN,Unknown,110.30,3801.58,,UNKNOWN,DWR (Manual)
CODWR,984,2022-03-27T00:00:00-06:00,,,ft,109.90,UNKNOWN,Unknown,109.90,3801.98,,UNKNOWN,DWR (Manual)
CODWR,985,1993-01-26T00:00:00-07:00,,,ft,235.67,UNKNOWN,Unknown,235.67,3767.91,,UNKNOWN,DWR (Manual)
CODWR,985,1993-12-21T00:00:00-07:00,,,ft,236.33,UNKNOWN,Unknown,236.33,3767.25,,UNKNOWN,DWR (Manual)
CODWR,985,1995-01-15T00:00:00-07:00,,,ft,236.75,UNKNOWN,Unknown,236.75,3766.83,,UNKNOWN,DWR (Manual)
CODWR,985,1995-12-20T00:00:00-07:00,,,ft,237.22,UNKNOWN,Unknown,237.22,3766.36,,UNKNOWN,DWR (Manual)
CODWR,985,1997-01-18T00:00:00-07:00,,,ft,237.96,UNKNOWN,Unknown,237.96,3765.62,,UNKNOWN,DWR (Manual)
CODWR,985,1998-01-16T00:00:00-07:00,,,ft,238.62,UNKNOWN,Unknown,238.62,3764.96,,UNKNOWN,DWR (Manual)
CODWR,985,1999-01-22T00:00:00-07:00,,,ft,239.34,UNKNOWN,Unknown,239.34,3764.24,,UNKNOWN,DWR (Manual)
CODWR,985,2000-01-18T00:00:00-07:00,,,ft,239.75,UNKNOWN,Unknown,239.75,3763.83,,UNKNOWN,DWR (Manual)
CODWR,985,2000-12-27T00:00:00-07:00,,,ft,240.37,UNKNOWN,Unknown,240.37,3763.21,,UNKNOWN,DWR (Manual)
CODWR,985,2001-12-26T00:00:00-07:00,,,ft,241.32,UNKNOWN,Unknown,241.32,3762.26,,UNKNOWN,DWR (Manual)
CODWR,985,2002-12-26T00:00:00-07:00,,,ft,242.33,UNKNOWN,Unknown,242.33,3761.25,,UNKNOWN,DWR (Manual)
CODWR,985,2003-12-23T00:00:00-07:00,,,ft,243.24,UNKNOWN,Unknown,243.24,3760.34,,UNKNOWN,DWR (Manual)
CODWR,985,2004-12-15T00:00:00-07:00,,,ft,244.13,UNKNOWN,Unknown,244.13,3759.45,,UNKNOWN,DWR (Manual)
CODWR,985,2006-02-01T00:00:00-07:00,,,ft,245.01,UNKNOWN,Unknown,245.01,3758.57,,UNKNOWN,DWR (Manual)
CODWR,985,2008-01-26T00:00:00-07:00,,,ft,246.50,UNKNOWN,Unknown,246.50,3757.08,,UNKNOWN,DWR (Manual)
CODWR,985,2009-04-04T00:00:00-06:00,,,ft,245.50,UNKNOWN,Unknown,245.50,3758.08,,UNKNOWN,DWR (Manual)
CODWR,985,2010-02-12T00:00:00-07:00,,,ft,243.00,UNKNOWN,Unknown,243.00,3760.58,,UNKNOWN,DWR (Manual)
CODWR,985,2011-01-03T00:00:00-07:00,,,ft,240.30,UNKNOWN,Unknown,240.30,3763.28,,UNKNOWN,DWR (Manual)
CODWR,985,2012-02-06T00:00:00-07:00,,,ft,240.60,UNKNOWN,Unknown,240.60,3762.98,,UNKNOWN,DWR (Manual)
CODWR,985,2013-02-26T00:00:00-07:00,,,ft,242.30,UNKNOWN,Unknown,242.30,3761.28,,UNKNOWN,DWR (Manual)
CODWR,985,2014-02-25T00:00:00-07:00,,,ft,242.70,UNKNOWN,Unknown,242.70,3760.88,,UNKNOWN,DWR (Manual)
CODWR,985,2014-12-18T00:00:00-07:00,,,ft,242.30,UNKNOWN,Unknown,242.30,3761.28,,UNKNOWN,DWR (Manual)
CODWR,985,2017-03-14T00:00:00-06:00,,,ft,239.90,UNKNOWN,Unknown,239.90,3763.68,,UNKNOWN,DWR (Manual)
CODWR,985,2018-03-27T00:00:00-06:00,,,ft,237.70,UNKNOWN,Unknown,237.70,3765.88,,UNKNOWN,DWR (Manual)
CODWR,985,2019-03-31T00:00:00-06:00,,,ft,237.20,UNKNOWN,Unknown,237.20,3766.38,,UNKNOWN,DWR (Manual)
CODWR,985,2020-03-21T00:00:00-06:00,,,ft,235.30,UNKNOWN,Unknown,235.30,3768.28,,UNKNOWN,DWR (Manual)
CODWR,985,2021-03-27T00:00:00-06:00,,,ft,235.30,UNKNOWN,Unknown,235.30,3768.28,,UNKNOWN,DWR (Manual)
CODWR,985,2022-03-27T00:00:00-06:00,,,ft,236.90,UNKNOWN,Unknown,236.90,3766.68,,UNKNOWN,DWR (Manual)
CODWR,989,1993-01-27T00:00:00-07:00,,,ft,37.22,UNKNOWN,Unknown,37.22,4195.34,,UNKNOWN,DWR (Manual)
CODWR,989,1994-01-13T00:00:00-07:00,,,ft,36.90,UNKNOWN,Unknown,36.90,4195.66,,UNKNOWN,DWR (Manual)
CODWR,989,1995-01-14T00:00:00-07:00,,,ft,36.90,UNKNOWN,Unknown,36.90,4195.66,,UNKNOWN,DWR (Manual)
CODWR,989,1995-12-21T00:00:00-07:00,,,ft,36.94,UNKNOWN,Unknown,36.94,4195.62,,UNKNOWN,DWR (Manual)
CODWR,989,1997-01-16T00:00:00-07:00,,,ft,37.02,UNKNOWN,Unknown,37.02,4195.54,,UNKNOWN,DWR (Manual)
CODWR,989,1998-01-16T00:00:00-07:00,,,ft,36.14,UNKNOWN,Unknown,36.14,4196.42,,UNKNOWN,DWR (Manual)
CODWR,989,1999-01-19T00:00:00-07:00,,,ft,36.38,UNKNOWN,Unknown,36.38,4196.18,,UNKNOWN,DWR (Manual)
CODWR,989,2000-01-19T00:00:00-07:00,,,ft,36.62,UNKNOWN,Unknown,36.62,4195.94,,UNKNOWN,DWR (Manual)
CODWR,989,2000-12-28T00:00:00-07:00,,,ft,37.49,UNKNOWN,Unknown,37.49,4195.07,,UNKNOWN,DWR (Manual)
CODWR,989,2001-12-27T00:00:00-07:00,,,ft,36.77,UNKNOWN,Unknown,36.77,4195.79,,UNKNOWN,DWR (Manual)
CODWR,989,2002-12-23T00:00:00-07:00,,,ft,38.05,UNKNOWN,Unknown,38.05,4194.51,,UNKNOWN,DWR (Manual)
CODWR,989,2003-12-29T00:00:00-07:00,,,ft,37.92,UNKNOWN,Unknown,37.92,4194.64,,UNKNOWN,DWR (Manual)
CODWR,989,2004-12-21T00:00:00-07:00,,,ft,37.70,UNKNOWN,Unknown,37.70,4194.86,,UNKNOWN,DWR (Manual)
CODWR,989,2006-01-31T00:00:00-07:00,,,ft,37.38,UNKNOWN,Unknown,37.38,4195.18,,UNKNOWN,DWR (Manual)
CODWR,989,2007-03-16T00:00:00-06:00,,,ft,33.90,UNKNOWN,Unknown,33.90,4198.66,,UNKNOWN,DWR (Manual)
CODWR,989,2008-01-26T00:00:00-07:00,,,ft,38.87,UNKNOWN,Unknown,38.87,4193.69,,UNKNOWN,DWR (Manual)
CODWR,989,2010-02-06T00:00:00-07:00,,,ft,37.60,UNKNOWN,Unknown,37.60,4194.96,,UNKNOWN,DWR (Manual)
CODWR,989,2011-01-04T00:00:00-07:00,,,ft,39.10,UNKNOWN,Unknown,39.10,4193.46,,UNKNOWN,DWR (Manual)
CODWR,989,2012-02-06T00:00:00-07:00,,,ft,40.60,UNKNOWN,Unknown,40.60,4191.96,,UNKNOWN,DWR (Manual)
CODWR,989,2013-02-26T00:00:00-07:00,,,ft,41.80,UNKNOWN,Unknown,41.80,4190.76,,UNKNOWN,DWR (Manual)
CODWR,989,2014-02-28T00:00:00-07:00,,,ft,54.10,UNKNOWN,Unknown,54.10,4178.46,,UNKNOWN,DWR (Manual)
CODWR,989,2014-12-18T00:00:00-07:00,,,ft,54.60,UNKNOWN,Unknown,54.60,4177.96,,UNKNOWN,DWR (Manual)
CODWR,989,2017-03-14T00:00:00-06:00,,,ft,40.90,UNKNOWN,Unknown,40.90,4191.66,,UNKNOWN,DWR (Manual)
CODWR,989,2018-03-27T00:00:00-06:00,,,ft,40.30,UNKNOWN,Unknown,40.30,4192.26,,UNKNOWN,DWR (Manual)
CODWR,989,2019-03-30T00:00:00-06:00,,,ft,40.00,UNKNOWN,Unknown,40.00,4192.56,,UNKNOWN,DWR (Manual)
CODWR,989,2020-03-31T00:00:00-06:00,,,ft,38.80,UNKNOWN,Unknown,38.80,4193.76,,UNKNOWN,DWR (Manual)
CODWR,989,2021-03-30T00:00:00-06:00,,,ft,40.30,UNKNOWN,Unknown,40.30,4192.26,,UNKNOWN,DWR (Manual)
CODWR,989,2022-03-28T00:00:00-06:00,,,ft,40.10,UNKNOWN,Unknown,40.10,4192.46,,UNKNOWN,DWR (Manual)
CODWR,991,1994-01-14T00:00:00-07:00,,,ft,211.02,UNKNOWN,Unknown,211.02,4149.95,,UNKNOWN,DWR (Manual)
CODWR,991,1995-01-14T00:00:00-07:00,,,ft,216.61,UNKNOWN,Unknown,216.61,4144.36,,UNKNOWN,DWR (Manual)
CODWR,991,1995-12-21T00:00:00-07:00,,,ft,217.57,UNKNOWN,Unknown,217.57,4143.40,,UNKNOWN,DWR (Manual)
CODWR,991,1997-01-16T00:00:00-07:00,,,ft,219.40,UNKNOWN,Unknown,219.40,4141.57,,UNKNOWN,DWR (Manual)
CODWR,991,1998-01-17T00:00:00-07:00,,,ft,222.06,UNKNOWN,Unknown,222.06,4138.91,,UNKNOWN,DWR (Manual)
CODWR,991,1999-01-19T00:00:00-07:00,,,ft,219.04,UNKNOWN,Unknown,219.04,4141.93,,UNKNOWN,DWR (Manual)
CODWR,991,2000-01-19T00:00:00-07:00,,,ft,220.20,UNKNOWN,Unknown,220.20,4140.77,,UNKNOWN,DWR (Manual)
CODWR,991,2000-12-28T00:00:00-07:00,,,ft,221.53,UNKNOWN,Unknown,221.53,4139.44,,UNKNOWN,DWR (Manual)
CODWR,991,2001-12-27T00:00:00-07:00,,,ft,223.01,UNKNOWN,Unknown,223.01,4137.96,,UNKNOWN,DWR (Manual)
CODWR,991,2002-12-23T00:00:00-07:00,,,ft,224.38,UNKNOWN,Unknown,224.38,4136.59,,UNKNOWN,DWR (Manual)
CODWR,991,2003-12-29T00:00:00-07:00,,,ft,222.72,UNKNOWN,Unknown,222.72,4138.25,,UNKNOWN,DWR (Manual)
CODWR,991,2004-12-21T00:00:00-07:00,,,ft,223.42,UNKNOWN,Unknown,223.42,4137.55,,UNKNOWN,DWR (Manual)
CODWR,991,2006-01-31T00:00:00-07:00,,,ft,222.89,UNKNOWN,Unknown,222.89,4138.08,,UNKNOWN,DWR (Manual)
CODWR,991,2007-03-16T00:00:00-06:00,,,ft,225.00,UNKNOWN,Unknown,225.00,4135.97,,UNKNOWN,DWR (Manual)
CODWR,991,2008-01-08T00:00:00-07:00,,,ft,226.42,UNKNOWN,Unknown,226.42,4134.55,,UNKNOWN,DWR (Manual)
CODWR,991,2009-04-04T00:00:00-06:00,,,ft,224.83,UNKNOWN,Unknown,224.83,4136.14,,UNKNOWN,DWR (Manual)
CODWR,991,2010-02-06T00:00:00-07:00,,,ft,212.90,UNKNOWN,Unknown,212.90,4148.07,,UNKNOWN,DWR (Manual)
CODWR,991,2011-01-03T00:00:00-07:00,,,ft,221.80,UNKNOWN,Unknown,221.80,4139.17,,UNKNOWN,DWR (Manual)
CODWR,991,2013-02-26T00:00:00-07:00,,,ft,226.10,UNKNOWN,Unknown,226.10,4134.87,,UNKNOWN,DWR (Manual)
CODWR,991,2014-02-28T00:00:00-07:00,,,ft,226.80,UNKNOWN,Unknown,226.80,4134.17,,UNKNOWN,DWR (Manual)
CODWR,991,2014-12-18T00:00:00-07:00,,,ft,227.40,UNKNOWN,Unknown,227.40,4133.57,,UNKNOWN,DWR (Manual)
CODWR,991,2017-02-14T00:00:00-07:00,,,ft,223.50,UNKNOWN,Unknown,223.50,4137.47,,UNKNOWN,DWR (Manual)
CODWR,991,2018-03-28T00:00:00-06:00,,,ft,220.30,UNKNOWN,Unknown,220.30,4140.67,,UNKNOWN,DWR (Manual)
CODWR,991,2019-03-30T00:00:00-06:00,,,ft,221.20,UNKNOWN,Unknown,221.20,4139.77,,UNKNOWN,DWR (Manual)
CODWR,991,2020-03-31T00:00:00-06:00,,,ft,219.50,UNKNOWN,Unknown,219.50,4141.47,,UNKNOWN,DWR (Manual)
CODWR,991,2021-03-30T00:00:00-06:00,,,ft,222.60,UNKNOWN,Unknown,222.60,4138.37,,UNKNOWN,DWR (Manual)
CODWR,991,2022-03-26T00:00:00-06:00,,,ft,223.20,UNKNOWN,Unknown,223.20,4137.77,,UNKNOWN,DWR (Manual)
CODWR,1009,1993-01-28T00:00:00-07:00,,,ft,261.55,UNKNOWN,Unknown,261.55,4131.39,,UNKNOWN,DWR (Manual)
CODWR,1009,1994-01-13T00:00:00-07:00,,,ft,262.86,UNKNOWN,Unknown,262.86,4130.08,,UNKNOWN,DWR (Manual)
CODWR,1009,1995-01-14T00:00:00-07:00,,,ft,262.36,UNKNOWN,Unknown,262.36,4130.58,,UNKNOWN,DWR (Manual)
CODWR,1009,1995-12-21T00:00:00-07:00,,,ft,264.58,UNKNOWN,Unknown,264.58,4128.36,,UNKNOWN,DWR (Manual)
CODWR,1009,1997-01-14T00:00:00-07:00,,,ft,262.90,UNKNOWN,Unknown,262.90,4130.04,,UNKNOWN,DWR (Manual)
CODWR,1009,1998-01-17T00:00:00-07:00,,,ft,264.19,UNKNOWN,Unknown,264.19,4128.75,,UNKNOWN,DWR (Manual)
CODWR,1009,1999-01-19T00:00:00-07:00,,,ft,265.13,UNKNOWN,Unknown,265.13,4127.81,,UNKNOWN,DWR (Manual)
CODWR,1009,2000-01-19T00:00:00-07:00,,,ft,266.68,UNKNOWN,Unknown,266.68,4126.26,,UNKNOWN,DWR (Manual)
CODWR,1009,2000-12-28T00:00:00-07:00,,,ft,268.48,UNKNOWN,Unknown,268.48,4124.46,,UNKNOWN,DWR (Manual)
CODWR,1009,2001-12-27T00:00:00-07:00,,,ft,266.11,UNKNOWN,Unknown,266.11,4126.83,,UNKNOWN,DWR (Manual)
CODWR,1009,2002-12-23T00:00:00-07:00,,,ft,271.10,UNKNOWN,Unknown,271.10,4121.84,,UNKNOWN,DWR (Manual)
CODWR,1009,2003-12-29T00:00:00-07:00,,,ft,272.14,UNKNOWN,Unknown,272.14,4120.80,,UNKNOWN,DWR (Manual)
CODWR,1009,2004-12-21T00:00:00-07:00,,,ft,269.07,UNKNOWN,Unknown,269.07,4123.87,,UNKNOWN,DWR (Manual)
CODWR,1009,2006-01-31T00:00:00-07:00,,,ft,266.75,UNKNOWN,Unknown,266.75,4126.19,,UNKNOWN,DWR (Manual)
CODWR,1009,2007-03-16T00:00:00-06:00,,,ft,272.57,UNKNOWN,Unknown,272.57,4120.37,,UNKNOWN,DWR (Manual)
CODWR,1009,2008-01-08T00:00:00-07:00,,,ft,274.65,UNKNOWN,Unknown,274.65,4118.29,,UNKNOWN,DWR (Manual)
CODWR,1009,2010-02-06T00:00:00-07:00,,,ft,263.30,UNKNOWN,Unknown,263.30,4129.64,,UNKNOWN,DWR (Manual)
CODWR,1009,2011-01-03T00:00:00-07:00,,,ft,262.10,UNKNOWN,Unknown,262.10,4130.84,,UNKNOWN,DWR (Manual)
CODWR,1009,2012-02-06T00:00:00-07:00,,,ft,261.30,UNKNOWN,Unknown,261.30,4131.64,,UNKNOWN,DWR (Manual)
CODWR,1009,2013-02-26T00:00:00-07:00,,,ft,262.60,UNKNOWN,Unknown,262.60,4130.34,,UNKNOWN,DWR (Manual)
CODWR,1009,2014-02-25T00:00:00-07:00,,,ft,263.50,UNKNOWN,Unknown,263.50,4129.44,,UNKNOWN,DWR (Manual)
CODWR,1009,2014-12-18T00:00:00-07:00,,,ft,265.00,UNKNOWN,Unknown,265.00,4127.94,,UNKNOWN,DWR (Manual)
CODWR,1009,2017-03-15T00:00:00-06:00,,,ft,255.30,UNKNOWN,Unknown,255.30,4137.64,,UNKNOWN,DWR (Manual)
CODWR,1009,2018-03-28T00:00:00-06:00,,,ft,255.77,UNKNOWN,Unknown,255.77,4137.17,,UNKNOWN,DWR (Manual)
CODWR,1009,2019-03-31T00:00:00-06:00,,,ft,254.70,UNKNOWN,Unknown,254.70,4138.24,,UNKNOWN,DWR (Manual)
CODWR,1009,2020-03-31T00:00:00-06:00,,,ft,252.40,UNKNOWN,Unknown,252.40,4140.54,,UNKNOWN,DWR (Manual)
CODWR,1009,2021-03-29T00:00:00-06:00,,,ft,254.50,UNKNOWN,Unknown,254.50,4138.44,,UNKNOWN,DWR (Manual)
CODWR,1009,2022-03-27T00:00:00-06:00,,,ft,255.00,UNKNOWN,Unknown,255.00,4137.94,,UNKNOWN,DWR (Manual)
CODWR,1010,1993-01-06T00:00:00-07:00,,,ft,243.19,UNKNOWN,Unknown,243.19,3825.16,,UNKNOWN,USGS
CODWR,1010,1994-01-13T00:00:00-07:00,,,ft,244.80,UNKNOWN,Unknown,244.80,3823.55,,UNKNOWN,DWR (Manual)
CODWR,1010,1995-01-15T00:00:00-07:00,,,ft,244.28,UNKNOWN,Unknown,244.28,3824.07,,UNKNOWN,DWR (Manual)
CODWR,1010,1995-12-21T00:00:00-07:00,,,ft,244.61,UNKNOWN,Unknown,244.61,3823.74,,UNKNOWN,DWR (Manual)
CODWR,1010,1997-01-16T00:00:00-07:00,,,ft,244.90,UNKNOWN,Unknown,244.90,3823.45,,UNKNOWN,DWR (Manual)
CODWR,1010,1998-01-17T00:00:00-07:00,,,ft,244.25,UNKNOWN,Unknown,244.25,3824.10,,UNKNOWN,DWR (Manual)
CODWR,1010,1999-01-21T00:00:00-07:00,,,ft,243.87,UNKNOWN,Unknown,243.87,3824.48,,UNKNOWN,DWR (Manual)
CODWR,1010,2000-01-18T00:00:00-07:00,,,ft,244.20,UNKNOWN,Unknown,244.20,3824.15,,UNKNOWN,DWR (Manual)
CODWR,1010,2000-12-27T00:00:00-07:00,,,ft,244.26,UNKNOWN,Unknown,244.26,3824.09,,UNKNOWN,DWR (Manual)
CODWR,1010,2001-12-26T00:00:00-07:00,,,ft,244.06,UNKNOWN,Unknown,244.06,3824.29,,UNKNOWN,DWR (Manual)
CODWR,1010,2002-12-26T00:00:00-07:00,,,ft,244.60,UNKNOWN,Unknown,244.60,3823.75,,UNKNOWN,DWR (Manual)
CODWR,1010,2003-12-23T00:00:00-07:00,,,ft,244.00,UNKNOWN,Unknown,244.00,3824.35,,UNKNOWN,DWR (Manual)
CODWR,1010,2004-12-20T00:00:00-07:00,,,ft,243.50,UNKNOWN,Unknown,243.50,3824.85,,UNKNOWN,DWR (Manual)
CODWR,1010,2006-02-01T00:00:00-07:00,,,ft,245.13,UNKNOWN,Unknown,245.13,3823.22,,UNKNOWN,DWR (Manual)
CODWR,1010,2007-04-17T00:00:00-06:00,,,ft,243.00,UNKNOWN,Unknown,243.00,3825.35,,UNKNOWN,DWR (Manual)
CODWR,1010,2008-01-26T00:00:00-07:00,,,ft,247.70,UNKNOWN,Unknown,247.70,3820.65,,UNKNOWN,DWR (Manual)
CODWR,1010,2010-02-15T00:00:00-07:00,,,ft,225.00,UNKNOWN,Unknown,225.00,3843.35,,UNKNOWN,DWR (Manual)
CODWR,1010,2011-01-03T00:00:00-07:00,,,ft,224.60,UNKNOWN,Unknown,224.60,3843.75,,UNKNOWN,DWR (Manual)
CODWR,1010,2012-02-06T00:00:00-07:00,,,ft,224.10,UNKNOWN,Unknown,224.10,3844.25,,UNKNOWN,DWR (Manual)
CODWR,1010,2013-02-26T00:00:00-07:00,,,ft,228.00,UNKNOWN,Unknown,228.00,3840.35,,UNKNOWN,DWR (Manual)
CODWR,1010,2014-02-26T00:00:00-07:00,,,ft,229.10,UNKNOWN,Unknown,229.10,3839.25,,UNKNOWN,DWR (Manual)
CODWR,1010,2014-12-18T00:00:00-07:00,,,ft,225.20,UNKNOWN,Unknown,225.20,3843.15,,UNKNOWN,DWR (Manual)
CODWR,1010,2017-03-14T00:00:00-06:00,,,ft,222.60,UNKNOWN,Unknown,222.60,3845.75,,UNKNOWN,DWR (Manual)
CODWR,1010,2018-03-25T00:00:00-06:00,,,ft,224.20,UNKNOWN,Unknown,224.20,3844.15,,UNKNOWN,DWR (Manual)
CODWR,1010,2019-03-31T00:00:00-06:00,,,ft,224.90,UNKNOWN,Unknown,224.90,3843.45,,UNKNOWN,DWR (Manual)
CODWR,1010,2020-03-25T00:00:00-06:00,,,ft,221.80,UNKNOWN,Unknown,221.80,3846.55,,UNKNOWN,DWR (Manual)
CODWR,1010,2021-03-26T00:00:00-06:00,,,ft,222.40,UNKNOWN,Unknown,222.40,3845.95,,UNKNOWN,DWR (Manual)
CODWR,1010,2022-03-28T00:00:00-06:00,,,ft,223.10,UNKNOWN,Unknown,223.10,3845.25,,UNKNOWN,DWR (Manual)
